leading_item_id,following_item_id,best_lag,max_corr
AANGBULD,APQGTRMF,8,-0.48011453063924403
AANGBULD,BEZYMBBT,8,-0.4182881980795935
AANGBULD,DEWLVASR,6,0.6402209326501292
AANGBULD,DNMPSKTB,4,-0.41063485305921876
AANGBULD,ELQGMQWE,8,0.4749394649568398
AANGBULD,EVBVXETX,6,0.4366230785816179
AANGBULD,FITUEHWN,7,0.4188838297901458
AANGBULD,FTSVTTSR,3,0.5314002507963714
AANGBULD,GKQIJYDH,6,0.5825012836736417
AANGBULD,GYHKIVQT,8,-0.504037332573793
AANGBULD,KJNSOAHR,9,0.5756364347553402
AANGBULD,LLHREMKS,5,0.4997339110628157
AANGBULD,NAQIHUKZ,2,0.5254899212149458
AANGBULD,OKMBFVKS,8,-0.5615608802561464
AANGBULD,QVLMOEYE,9,-0.5491970857044147
AANGBULD,SDWAYPIK,7,-0.4550188635369192
AANGBULD,UIFPPCLR,8,-0.45947570146822386
AANGBULD,VUAFAIYJ,2,0.509967566586131
AANGBULD,XIIEJNEE,7,0.5266017820984805
AANGBULD,ZCELVYQU,7,0.6777014019729387
AANGBULD,ZKENOUDA,1,0.5999690192401783
AANGBULD,ZXERAXWP,9,0.5693224467442712
AHMDUILJ,APQGTRMF,6,0.41973271063223805
AHMDUILJ,ATLDMDBO,4,0.4832809795674767
AHMDUILJ,BUZIIBYG,4,0.46173854673546505
AHMDUILJ,DUCMGGNW,1,0.4509547739353878
AHMDUILJ,KAGJCHMR,8,-0.567889443412262
AHMDUILJ,LRVGFDFM,4,0.4332526859072567
AHMDUILJ,QRKRBYJL,5,0.4405493562761983
AHMDUILJ,QVLMOEYE,7,0.43986060457718645
AHMDUILJ,RAWUKQMJ,4,0.41037868233376956
AHMDUILJ,RJGPVEXX,7,0.40283950761474624
AHMDUILJ,UXSPKBJR,4,0.5229081894352552
AHMDUILJ,WPQXWHYO,4,0.4170318717629925
AHMDUILJ,XIIEJNEE,2,0.41029354151346964
AHMDUILJ,YSYHGLQK,8,-0.4305085500876101
APQGTRMF,AANGBULD,7,-0.4624160050357261
APQGTRMF,ATLDMDBO,3,0.5319991146565786
APQGTRMF,AXULOHBQ,7,0.44379635246232135
APQGTRMF,BEZYMBBT,1,0.4548434441808289
APQGTRMF,BSRMSVTC,6,0.4427123473516348
APQGTRMF,BTMOEMEP,2,0.47065854468504953
APQGTRMF,DBWLZWNK,6,0.4915589820118644
APQGTRMF,DJBLNPNC,1,0.40300249068874333
APQGTRMF,DNMPSKTB,6,0.5645994536178268
APQGTRMF,DUCMGGNW,6,0.5142571127850889
APQGTRMF,FDXPMYGF,5,0.4146452016837507
APQGTRMF,FQCLOEXA,9,-0.42929501431564143
APQGTRMF,GYHKIVQT,3,0.5081256214358466
APQGTRMF,HXYSSRXE,6,0.5153133030510014
APQGTRMF,JPBRUTWP,1,0.47496101732477203
APQGTRMF,KEUWZRKO,9,0.46599941107690906
APQGTRMF,LPHPPJUG,9,-0.48030612479644064
APQGTRMF,OGAFEHLU,4,0.43526117260107156
APQGTRMF,OKMBFVKS,1,0.5370523492152125
APQGTRMF,OXKURKXR,2,0.42811054826345835
APQGTRMF,QKXNTIIB,7,0.46382228944143267
APQGTRMF,QRKRBYJL,1,0.4904162523292622
APQGTRMF,QVLMOEYE,1,0.5022604683019747
APQGTRMF,RAWUKQMJ,4,0.49254942799728635
APQGTRMF,RCBZUSIM,2,0.5299050267321673
APQGTRMF,SAHWCZNH,9,0.4800697593761754
APQGTRMF,SDWAYPIK,4,0.4219027196206926
APQGTRMF,UIFPPCLR,1,0.5080676592465878
APQGTRMF,VMAQSTJE,8,0.5368054162624862
APQGTRMF,WBLJNPZQ,5,0.4852115231644206
APQGTRMF,WHPUAOID,3,0.523936264550737
APQGTRMF,XUOIQPFL,3,0.4334917668122407
APQGTRMF,YSYHGLQK,2,-0.4493284890681285
APQGTRMF,ZGJXVMNI,9,-0.46281474961121516
APQGTRMF,ZKENOUDA,7,-0.41482506144235337
ATLDMDBO,APQGTRMF,5,0.5085891388701113
ATLDMDBO,AXULOHBQ,7,0.7500888287720342
ATLDMDBO,BJALXPFS,9,0.454705444155492
ATLDMDBO,BSRMSVTC,6,0.40051172352300973
ATLDMDBO,BTMOEMEP,1,0.6645738300117706
ATLDMDBO,DBWLZWNK,3,0.5372330041760305
ATLDMDBO,DEWLVASR,8,-0.47786834893160074
ATLDMDBO,DNMPSKTB,8,0.7791258030288111
ATLDMDBO,EVBVXETX,9,-0.4728455801112939
ATLDMDBO,FDXPMYGF,7,0.43340550239325876
ATLDMDBO,FQCLOEXA,8,-0.5862328599111964
ATLDMDBO,GYHKIVQT,7,0.7591249324689091
ATLDMDBO,HXYSSRXE,8,0.6296137872806546
ATLDMDBO,IGDVVKUD,2,0.4750208665788739
ATLDMDBO,JBVHSUWY,7,0.4020687479678231
ATLDMDBO,JPBRUTWP,5,0.658207393156338
ATLDMDBO,KEUWZRKO,9,0.4693730655596802
ATLDMDBO,KJNSOAHR,8,-0.40659010558424025
ATLDMDBO,LPHPPJUG,6,-0.5980423142124411
ATLDMDBO,LRVGFDFM,1,0.5657641728717883
ATLDMDBO,NZKBIBNU,9,-0.4039795734593677
ATLDMDBO,OGAFEHLU,9,0.5311054665769509
ATLDMDBO,OKMBFVKS,4,0.4223455907078047
ATLDMDBO,OXKURKXR,2,0.554515091383817
ATLDMDBO,QRKRBYJL,1,0.8177117394118009
ATLDMDBO,QVLMOEYE,3,0.7036817058682101
ATLDMDBO,RAWUKQMJ,4,0.6412137529937184
ATLDMDBO,RCBZUSIM,1,0.5146829328084076
ATLDMDBO,SAHWCZNH,9,0.41841730289391804
ATLDMDBO,SDWAYPIK,3,0.6472855522465497
ATLDMDBO,UGEQLMXM,6,0.5693652932925151
ATLDMDBO,UXSPKBJR,2,0.4095829109383602
ATLDMDBO,VBYCLTYZ,2,0.6382672695991989
ATLDMDBO,VMAQSTJE,8,0.49074358508873045
ATLDMDBO,WBLJNPZQ,9,0.4825572609554925
ATLDMDBO,WPQXWHYO,9,-0.47006329131321084
ATLDMDBO,XUOIQPFL,1,0.5201365914083842
ATLDMDBO,ZGJXVMNI,8,-0.646197123026812
ATLDMDBO,ZKENOUDA,9,-0.551444600357265
AXULOHBQ,ATLDMDBO,9,-0.5268943971848847
AXULOHBQ,BJALXPFS,1,0.4780913855365558
AXULOHBQ,BSRMSVTC,3,0.5802806775948827
AXULOHBQ,DNMPSKTB,3,0.4062202838843407
AXULOHBQ,EVBVXETX,7,-0.5712735905588107
AXULOHBQ,FDXPMYGF,1,0.546014055966756
AXULOHBQ,FQCLOEXA,1,-0.48768937043539684
AXULOHBQ,HCDTGMST,5,0.41707141657865165
AXULOHBQ,HXYSSRXE,3,0.4103157299058957
AXULOHBQ,KEUWZRKO,6,0.6359747141988348
AXULOHBQ,LUENUFGA,7,0.7083974357698073
AXULOHBQ,NZKBIBNU,4,-0.5176253471028228
AXULOHBQ,OGAFEHLU,6,0.6157743031081055
AXULOHBQ,OKMBFVKS,5,0.40337008347633735
AXULOHBQ,PYZMVUWD,6,0.6161727174688566
AXULOHBQ,QJQJSWFU,7,0.4722168007927454
AXULOHBQ,RCBZUSIM,9,-0.41706192482432386
AXULOHBQ,RJGPVEXX,7,-0.6221282870251132
AXULOHBQ,SAHWCZNH,6,0.6555384107217364
AXULOHBQ,UXSPKBJR,3,-0.4777529027144183
AXULOHBQ,VMAQSTJE,5,0.5517399764998538
AXULOHBQ,VUAFAIYJ,7,-0.5053146078427523
AXULOHBQ,VWMBASNE,9,0.5618724823597224
AXULOHBQ,WBLJNPZQ,3,0.40173031233133977
AXULOHBQ,WPQXWHYO,6,-0.5495221148217364
AXULOHBQ,XIFHSOWQ,8,0.7750654806969469
AXULOHBQ,XUOIQPFL,3,0.416683558147493
AXULOHBQ,ZGJXVMNI,2,-0.41833883711546055
AXULOHBQ,ZKENOUDA,6,-0.4100585223798865
BEZYMBBT,ATLDMDBO,6,0.4209729113149337
BEZYMBBT,DBWLZWNK,3,0.481278553972143
BEZYMBBT,DNMPSKTB,5,0.4004986253254842
BEZYMBBT,ELQGMQWE,4,-0.5150670982993485
BEZYMBBT,FQCLOEXA,9,-0.5435626699701758
BEZYMBBT,GYHKIVQT,5,0.5043229064213891
BEZYMBBT,HXYSSRXE,6,0.5914371186921655
BEZYMBBT,JPBRUTWP,8,0.4358436698823309
BEZYMBBT,KEUWZRKO,9,0.47320295408824326
BEZYMBBT,KJNSOAHR,5,-0.42515470224041163
BEZYMBBT,LPHPPJUG,9,-0.46938281703376755
BEZYMBBT,OKMBFVKS,6,0.4704808760563872
BEZYMBBT,QRKRBYJL,6,0.4532246036288979
BEZYMBBT,QVLMOEYE,9,0.40448860024148764
BEZYMBBT,RAWUKQMJ,1,0.4179257144723914
BEZYMBBT,RCBZUSIM,6,0.42428765687024356
BEZYMBBT,RJGPVEXX,2,-0.4005944292009688
BEZYMBBT,SDWAYPIK,3,0.4164391527700772
BEZYMBBT,WBLJNPZQ,5,0.4385803997527793
BEZYMBBT,XMKRPGLB,6,-0.4660555597362908
BEZYMBBT,ZGJXVMNI,8,-0.4139697591673511
BEZYMBBT,ZKENOUDA,6,-0.4235664371230252
BJALXPFS,AXULOHBQ,9,0.44317680395112785
BJALXPFS,DNMPSKTB,2,0.5379619396709903
BJALXPFS,EVBVXETX,8,-0.4358928044545052
BJALXPFS,FITUEHWN,9,-0.488230483248609
BJALXPFS,GYHKIVQT,5,0.47159627970367346
BJALXPFS,KEUWZRKO,5,0.42756385967808147
BJALXPFS,LTOYKIML,4,-0.40251374534004647
BJALXPFS,OGAFEHLU,5,0.49056758222908714
BJALXPFS,QRKRBYJL,3,0.517295531848678
BJALXPFS,QVLMOEYE,5,0.42606946992710903
BJALXPFS,RCBZUSIM,4,0.427274157890121
BJALXPFS,RJGPVEXX,4,-0.49709127404596454
BJALXPFS,SDWAYPIK,5,0.5121748454434856
BJALXPFS,SNHYOVBM,5,0.4392548480579235
BJALXPFS,UGEQLMXM,8,0.49121103631717755
BJALXPFS,UIFPPCLR,7,0.5087822843598371
BJALXPFS,VMAQSTJE,4,0.43060336010133565
BJALXPFS,VWMBASNE,9,0.47687905617795534
BJALXPFS,ZKENOUDA,7,-0.4017761146044786
BLANHGYY,AXULOHBQ,2,0.4936096868899673
BLANHGYY,BJALXPFS,1,0.40826306859305395
BLANHGYY,BSRMSVTC,3,0.8600316319699371
BLANHGYY,DNMPSKTB,5,0.4456363950584101
BLANHGYY,EVBVXETX,4,-0.4838430602367696
BLANHGYY,FDXPMYGF,1,0.7113063793840732
BLANHGYY,FITUEHWN,5,0.42280541265428795
BLANHGYY,FQCLOEXA,5,-0.49663799337787373
BLANHGYY,HCDTGMST,5,0.5936501752276281
BLANHGYY,HXYSSRXE,2,0.44824755736149535
BLANHGYY,JBVHSUWY,4,0.46128080523312115
BLANHGYY,JPBRUTWP,7,0.5127608619273302
BLANHGYY,KEUWZRKO,6,0.6514161066526433
BLANHGYY,LPHPPJUG,1,-0.45706416431087593
BLANHGYY,LRVGFDFM,5,0.44541003854985073
BLANHGYY,LUENUFGA,7,0.5323738507114412
BLANHGYY,OGAFEHLU,6,0.7190786972009756
BLANHGYY,PYZMVUWD,3,0.4554833090887162
BLANHGYY,RJGPVEXX,9,-0.46353441065470413
BLANHGYY,SAHWCZNH,6,0.5316864390811401
BLANHGYY,STZDBITS,8,0.42984678227128587
BLANHGYY,SUOYXCHP,3,0.6194046234542238
BLANHGYY,TGOELCAG,5,0.46647340553257166
BLANHGYY,UIFPPCLR,8,0.5123302474955025
BLANHGYY,UQYUIVVR,1,0.4008015844777434
BLANHGYY,VMAQSTJE,5,0.7244680203110472
BLANHGYY,VWMBASNE,9,0.43591886214408826
BLANHGYY,WBLJNPZQ,2,0.48362117722729486
BLANHGYY,WPQXWHYO,6,-0.5483601673922995
BLANHGYY,WQMVCOEM,2,0.44122739012136897
BLANHGYY,XIFHSOWQ,8,0.7622029939642153
BLANHGYY,XUOIQPFL,5,0.43360586753259733
BSRMSVTC,BEZYMBBT,4,0.437852253856836
BSRMSVTC,EVBVXETX,1,-0.4471655505377321
BSRMSVTC,FITUEHWN,2,0.5133076922226992
BSRMSVTC,HCDTGMST,2,0.4907089158689035
BSRMSVTC,JBVHSUWY,1,0.4055807670194229
BSRMSVTC,JPBRUTWP,4,0.49098493254055064
BSRMSVTC,KEUWZRKO,3,0.5381604551100685
BSRMSVTC,LSOIUSXD,4,0.4631238109516862
BSRMSVTC,LUENUFGA,4,0.5202629962970929
BSRMSVTC,OGAFEHLU,3,0.6119708267825357
BSRMSVTC,PYZMVUWD,3,0.442628180065168
BSRMSVTC,RJGPVEXX,6,-0.4962184145594895
BSRMSVTC,ROACSLMG,1,-0.5156757655091068
BSRMSVTC,STZDBITS,5,0.45922367122883595
BSRMSVTC,TGOELCAG,2,0.48045456258454844
BSRMSVTC,UIFPPCLR,5,0.4635994130741923
BSRMSVTC,VMAQSTJE,2,0.6747837581008659
BSRMSVTC,VWMBASNE,7,0.6429018840013571
BSRMSVTC,WBLJNPZQ,9,0.40431593958895684
BSRMSVTC,WPQXWHYO,3,-0.5341861856028189
BSRMSVTC,XIFHSOWQ,5,0.6280598868149473
BSRMSVTC,XIPPENFQ,9,0.5397913452814523
BSRMSVTC,XUOIQPFL,2,0.4734572527649488
BTMOEMEP,APQGTRMF,8,0.4640541187181786
BTMOEMEP,ATLDMDBO,6,0.6898142554092048
BTMOEMEP,AXULOHBQ,9,0.610646595352782
BTMOEMEP,BEZYMBBT,9,0.44507916167686723
BTMOEMEP,BJALXPFS,9,0.5917383618438398
BTMOEMEP,BLANHGYY,9,0.509637023091706
BTMOEMEP,BSRMSVTC,5,0.5114107618255722
BTMOEMEP,DBWLZWNK,2,0.4748612673480696
BTMOEMEP,DEWLVASR,9,-0.42695744018181403
BTMOEMEP,DJBLNPNC,7,0.4929401710881541
BTMOEMEP,DNMPSKTB,7,0.6395271191408011
BTMOEMEP,ELQGMQWE,9,-0.4218539018958284
BTMOEMEP,FQCLOEXA,7,-0.42013887298788355
BTMOEMEP,FRHNWLNI,1,0.4024650240302738
BTMOEMEP,GYHKIVQT,4,0.5516960144647727
BTMOEMEP,HXYSSRXE,7,0.6805874873978145
BTMOEMEP,IGDVVKUD,6,0.5843921501152765
BTMOEMEP,JBVHSUWY,6,0.5041852520364042
BTMOEMEP,JPBRUTWP,9,0.608083627329344
BTMOEMEP,LPHPPJUG,6,-0.5486320078769413
BTMOEMEP,LRVGFDFM,4,0.4980621060229266
BTMOEMEP,OGAFEHLU,9,0.48934694796355926
BTMOEMEP,OKMBFVKS,4,0.49780187526946457
BTMOEMEP,OXKURKXR,8,0.47391130211944255
BTMOEMEP,QRKRBYJL,5,0.6428130911727098
BTMOEMEP,QVLMOEYE,7,0.6728263921370732
BTMOEMEP,RAWUKQMJ,4,0.5761682355222599
BTMOEMEP,RCBZUSIM,5,0.6474710734129724
BTMOEMEP,SDWAYPIK,2,0.5612992962797084
BTMOEMEP,UGEQLMXM,2,0.528761361748507
BTMOEMEP,UXSPKBJR,1,0.47202266439116153
BTMOEMEP,VBYCLTYZ,4,0.5686636027529379
BTMOEMEP,WBLJNPZQ,4,0.43838647967064837
BTMOEMEP,WQMVCOEM,4,0.5267323752765953
BTMOEMEP,XIIEJNEE,2,0.566532498008188
BTMOEMEP,XUOIQPFL,1,0.518774735710726
BTMOEMEP,ZGJXVMNI,8,-0.4533773500619032
BUZIIBYG,BSRMSVTC,8,0.4915058741996624
BUZIIBYG,BTMOEMEP,3,0.4989883970824095
BUZIIBYG,DJBLNPNC,3,0.42890279203239345
BUZIIBYG,FDXPMYGF,6,0.5557020904835699
BUZIIBYG,FRHNWLNI,4,0.4894067309601232
BUZIIBYG,FWUCPMMW,3,0.6516975979890735
BUZIIBYG,HXYSSRXE,8,0.4804810194138345
BUZIIBYG,PYZMVUWD,8,0.44200962886562145
BUZIIBYG,RCBZUSIM,8,0.6000986719393221
BUZIIBYG,RJGPVEXX,3,0.4457777183743752
BUZIIBYG,SAHWCZNH,2,-0.46001316825755934
BUZIIBYG,SUOYXCHP,8,0.4231318434721443
BUZIIBYG,UXSPKBJR,2,0.4316087033184965
BUZIIBYG,WBLJNPZQ,7,0.421940260712303
BUZIIBYG,WPQXWHYO,3,0.4012243777214327
BUZIIBYG,ZXERAXWP,6,0.40026653251970795
CCLHWFWF,AHMDUILJ,8,0.4172040213957471
CCLHWFWF,ATLDMDBO,9,0.40505182779866455
CCLHWFWF,DBWLZWNK,3,0.4757944466059425
CCLHWFWF,DUCMGGNW,4,-0.43911679009367227
CCLHWFWF,FCYBOAXC,3,0.5072338989079965
CCLHWFWF,FQCLOEXA,4,0.4362491946668509
CCLHWFWF,FWUCPMMW,6,0.44259064845109286
CCLHWFWF,JSLXRQOK,7,0.44935166548882355
CCLHWFWF,LRVGFDFM,1,0.4340812108404958
CCLHWFWF,LSOIUSXD,4,0.595211922591694
CCLHWFWF,LTOYKIML,4,0.43685855260050965
CCLHWFWF,OGAFEHLU,3,0.5886284502090025
CCLHWFWF,VBYCLTYZ,6,0.41504718526838
CCLHWFWF,VUAFAIYJ,1,-0.6077191280049284
CCLHWFWF,VWMBASNE,6,0.6312396845922706
CCLHWFWF,WBLJNPZQ,9,0.7054913693541107
CCLHWFWF,WHPUAOID,6,0.42888217990022026
CCLHWFWF,YSYHGLQK,8,-0.43482465607907433
CCLHWFWF,ZXERAXWP,7,-0.49990950424484903
DBWLZWNK,APQGTRMF,2,0.4978080397086028
DBWLZWNK,ATLDMDBO,3,0.4407888848878688
DBWLZWNK,AXULOHBQ,7,0.5592139767909555
DBWLZWNK,BJALXPFS,7,0.4280465874433185
DBWLZWNK,BSRMSVTC,9,0.4261860924042477
DBWLZWNK,BTMOEMEP,4,0.49242813792243334
DBWLZWNK,CCLHWFWF,9,0.48371065274078495
DBWLZWNK,DNMPSKTB,9,0.4570294376201875
DBWLZWNK,ELQGMQWE,6,-0.42053732804653365
DBWLZWNK,FDXPMYGF,8,0.6008401330869091
DBWLZWNK,FRHNWLNI,5,0.47600225876806396
DBWLZWNK,FWUCPMMW,3,0.4462760500200764
DBWLZWNK,GYHKIVQT,2,0.4356020192219285
DBWLZWNK,HXYSSRXE,9,0.5822020361188801
DBWLZWNK,IGDVVKUD,4,0.4422641248447008
DBWLZWNK,JBVHSUWY,4,0.40625906971946646
DBWLZWNK,JPBRUTWP,2,0.4189846720386992
DBWLZWNK,LLHREMKS,9,0.4505677632696042
DBWLZWNK,LRVGFDFM,1,0.44303416065558043
DBWLZWNK,LSOIUSXD,3,0.4015570375606527
DBWLZWNK,QRKRBYJL,9,0.5295296748541828
DBWLZWNK,QVLMOEYE,2,0.6173289033316589
DBWLZWNK,RAWUKQMJ,7,0.4071468279197503
DBWLZWNK,RCBZUSIM,3,0.5476013130045404
DBWLZWNK,UXSPKBJR,2,0.4282367905978088
DBWLZWNK,VBYCLTYZ,1,0.4319343131054108
DBWLZWNK,WBLJNPZQ,8,0.4888142062450788
DBWLZWNK,WHPUAOID,5,0.4392728055064553
DBWLZWNK,WQMVCOEM,9,0.42135553949628074
DBWLZWNK,XUOIQPFL,9,0.4223300018055416
DBWLZWNK,ZGJXVMNI,9,-0.4256598985006051
DBWLZWNK,ZKENOUDA,9,-0.41017991637656803
DDEXPPXU,BEZYMBBT,9,-0.45585031399143444
DDEXPPXU,GKQIJYDH,7,0.5502937408614857
DDEXPPXU,JERHKLYW,4,-0.4420821779112402
DDEXPPXU,NZKBIBNU,2,0.4229431809238923
DDEXPPXU,VBYCLTYZ,8,-0.4380752448456115
DDEXPPXU,ZXERAXWP,9,0.4448907458015095
DEWLVASR,AANGBULD,9,0.5366167462775737
DEWLVASR,APQGTRMF,2,-0.5748839667957639
DEWLVASR,BEZYMBBT,7,-0.5403704368648952
DEWLVASR,DNMPSKTB,1,-0.45164480693750897
DEWLVASR,ELQGMQWE,8,0.6121230391135387
DEWLVASR,EVBVXETX,5,0.40137650437975675
DEWLVASR,GYHKIVQT,3,-0.5448453606623478
DEWLVASR,IGDVVKUD,9,0.5076480129086236
DEWLVASR,JPBRUTWP,2,-0.4171343713456568
DEWLVASR,KJNSOAHR,4,0.5827480286551603
DEWLVASR,LSOIUSXD,9,0.47550349626505006
DEWLVASR,OGAFEHLU,1,-0.4141472695272019
DEWLVASR,OJIFIHMZ,8,0.4018582651099257
DEWLVASR,OKMBFVKS,3,-0.5723790735858046
DEWLVASR,RAWUKQMJ,3,-0.4176430803810177
DEWLVASR,SDWAYPIK,1,-0.5624686647960971
DEWLVASR,UIFPPCLR,3,-0.4536550637408736
DEWLVASR,VMAQSTJE,5,-0.5161531547990501
DEWLVASR,WPQXWHYO,1,0.4787537308714153
DEWLVASR,XUOIQPFL,7,-0.4587717883469783
DEWLVASR,ZCELVYQU,1,0.46465071899644206
DEWLVASR,ZGJXVMNI,2,0.4027312574718339
DEWLVASR,ZKENOUDA,4,0.637782329313931
DEWLVASR,ZXERAXWP,6,0.6444353634382587
DJBLNPNC,AXULOHBQ,2,0.4732536867141066
DJBLNPNC,BLANHGYY,2,0.6295642020741565
DJBLNPNC,BSRMSVTC,5,0.7644063154306736
DJBLNPNC,FDXPMYGF,3,0.8287260898175384
DJBLNPNC,FITUEHWN,7,0.7362518799373308
DJBLNPNC,HCDTGMST,7,0.7376889129275209
DJBLNPNC,JERHKLYW,9,0.5373962092178419
DJBLNPNC,JPBRUTWP,9,0.6278695123739226
DJBLNPNC,KEUWZRKO,8,0.5067299443076909
DJBLNPNC,LSOIUSXD,9,0.5047930232415179
DJBLNPNC,LUENUFGA,9,0.5030029239885336
DJBLNPNC,MBSBZBXA,4,0.4178998371179616
DJBLNPNC,OGAFEHLU,8,0.7257713753391606
DJBLNPNC,PYZMVUWD,8,0.4359371631422408
DJBLNPNC,ROACSLMG,6,-0.484494965668668
DJBLNPNC,SUOYXCHP,5,0.556458383406276
DJBLNPNC,TGOELCAG,7,0.5906080228417506
DJBLNPNC,UQYUIVVR,3,0.5018808867252514
DJBLNPNC,UXSPKBJR,2,0.4023787957178243
DJBLNPNC,VMAQSTJE,7,0.659206991474406
DJBLNPNC,WBLJNPZQ,4,0.45922047373639685
DJBLNPNC,WHPUAOID,1,0.5331393645858343
DJBLNPNC,WQMVCOEM,4,0.5485345362333665
DNMPSKTB,AANGBULD,7,-0.5218283362936362
DNMPSKTB,APQGTRMF,1,0.4334048170233342
DNMPSKTB,ATLDMDBO,3,0.6602814348924957
DNMPSKTB,AXULOHBQ,8,0.6179654655393051
DNMPSKTB,BEZYMBBT,9,0.4602590185572519
DNMPSKTB,BJALXPFS,9,0.43990352773771596
DNMPSKTB,DBWLZWNK,1,0.42487312155173995
DNMPSKTB,DEWLVASR,6,-0.527207411652605
DNMPSKTB,ELQGMQWE,6,-0.4545174979645618
DNMPSKTB,EVBVXETX,6,-0.5371214020567988
DNMPSKTB,FITUEHWN,9,-0.49219634155274294
DNMPSKTB,FQCLOEXA,7,-0.5173689748632531
DNMPSKTB,GYHKIVQT,6,0.718651345787232
DNMPSKTB,HXYSSRXE,4,0.47236270958638815
DNMPSKTB,IGDVVKUD,6,0.4698408074502686
DNMPSKTB,JPBRUTWP,2,0.6259846794285404
DNMPSKTB,KJNSOAHR,8,-0.46619090614715025
DNMPSKTB,LPHPPJUG,9,-0.4950931565931551
DNMPSKTB,LRVGFDFM,1,0.5776027228050546
DNMPSKTB,OGAFEHLU,2,0.6931024439784989
DNMPSKTB,OKMBFVKS,4,0.6936948486648311
DNMPSKTB,OXKURKXR,1,0.45909863633538195
DNMPSKTB,QJQJSWFU,6,0.43506323491672516
DNMPSKTB,QRKRBYJL,4,0.7291115273205919
DNMPSKTB,QVLMOEYE,4,0.7358485890579403
DNMPSKTB,RAWUKQMJ,4,0.5159579201770993
DNMPSKTB,RCBZUSIM,2,0.4702485328854627
DNMPSKTB,RJGPVEXX,5,-0.5180221128211369
DNMPSKTB,SDWAYPIK,4,0.7002655195696997
DNMPSKTB,UGEQLMXM,2,0.6295923488261455
DNMPSKTB,UIFPPCLR,6,0.4814124593377796
DNMPSKTB,VBYCLTYZ,4,0.5857371701595433
DNMPSKTB,VWMBASNE,7,0.5876980511513377
DNMPSKTB,WBLJNPZQ,9,0.43894705036081333
DNMPSKTB,WPQXWHYO,8,-0.5060236286453701
DNMPSKTB,XIFHSOWQ,6,0.4191064700822584
DNMPSKTB,XIIEJNEE,2,0.4509505167965633
DNMPSKTB,XUOIQPFL,1,0.6073159177627571
DNMPSKTB,ZGJXVMNI,1,-0.626236224080905
DNMPSKTB,ZKENOUDA,8,-0.6729426566413265
DUCMGGNW,BLANHGYY,3,0.4650542815048163
DUCMGGNW,KEUWZRKO,7,0.44238626299331624
DUCMGGNW,OGAFEHLU,9,0.404084110082826
DUCMGGNW,RJGPVEXX,5,-0.41089873089412576
DUCMGGNW,UXSPKBJR,3,0.40799622495157795
DUCMGGNW,VMAQSTJE,8,0.40343742290105783
ELQGMQWE,AANGBULD,1,0.5790457764012932
ELQGMQWE,APQGTRMF,8,-0.42429991595866245
ELQGMQWE,BUZIIBYG,9,0.486821512027896
ELQGMQWE,DEWLVASR,7,0.4704447859341163
ELQGMQWE,FITUEHWN,3,0.40822879858479094
ELQGMQWE,FQCLOEXA,5,0.6189138210903576
ELQGMQWE,FTSVTTSR,4,0.49177077391658325
ELQGMQWE,GKQIJYDH,9,0.4610125135650866
ELQGMQWE,GYHKIVQT,3,-0.46725074228382313
ELQGMQWE,HXYSSRXE,2,-0.4384271151538023
ELQGMQWE,JSLXRQOK,1,0.40009064383487114
ELQGMQWE,KEUWZRKO,5,-0.4217698201778001
ELQGMQWE,KJNSOAHR,4,0.4896707098704115
ELQGMQWE,LLHREMKS,6,0.5918531102997892
ELQGMQWE,NAQIHUKZ,3,0.40508850871094004
ELQGMQWE,OKMBFVKS,2,-0.6559461800963379
ELQGMQWE,SDWAYPIK,1,-0.4394400298372081
ELQGMQWE,UIFPPCLR,1,-0.4742546253986794
ELQGMQWE,WBLJNPZQ,1,-0.458471224649663
ELQGMQWE,XIIEJNEE,4,0.5195212807145447
ELQGMQWE,XUOIQPFL,2,-0.40107195473909074
ELQGMQWE,ZCELVYQU,8,0.6468613436483743
ELQGMQWE,ZKENOUDA,1,0.5092501189269517
EVBVXETX,ATLDMDBO,7,0.6062945279732506
EVBVXETX,AXULOHBQ,9,0.47197319618290007
EVBVXETX,BJALXPFS,6,0.4186827962157815
EVBVXETX,BLANHGYY,9,0.5389446807289793
EVBVXETX,DNMPSKTB,7,0.4990280790312227
EVBVXETX,FDXPMYGF,6,0.4930522753350623
EVBVXETX,FQCLOEXA,2,0.40604260865495595
EVBVXETX,FRHNWLNI,3,0.5746505845844417
EVBVXETX,HXYSSRXE,7,0.6393312230750317
EVBVXETX,IGDVVKUD,2,0.4824145055301961
EVBVXETX,KEUWZRKO,1,-0.514485342098963
EVBVXETX,KJNSOAHR,2,0.5073718550174035
EVBVXETX,LUENUFGA,4,-0.5684186825929948
EVBVXETX,MIRCVAMV,4,-0.42548665171191435
EVBVXETX,NZKBIBNU,2,0.41871467493244185
EVBVXETX,QRKRBYJL,7,0.4516665306910538
EVBVXETX,RCBZUSIM,8,0.45710646444236025
EVBVXETX,SAHWCZNH,1,-0.5945012403104424
EVBVXETX,SUOYXCHP,8,0.40072277946887125
EVBVXETX,UGEQLMXM,8,0.4386842465066034
EVBVXETX,WPQXWHYO,2,0.6505994789545363
EVBVXETX,XIFHSOWQ,1,-0.5027863241271291
EVBVXETX,XIPPENFQ,4,-0.44407854467891533
EVBVXETX,ZCELVYQU,1,0.40476116426418024
EVBVXETX,ZGJXVMNI,8,-0.47672577034183766
FCYBOAXC,CCLHWFWF,8,0.447655977202798
FCYBOAXC,FRHNWLNI,4,0.40617609916299197
FCYBOAXC,FWUCPMMW,3,0.42534277261675074
FCYBOAXC,LRVGFDFM,9,0.40096141794487955
FCYBOAXC,QKXNTIIB,4,-0.4322105413899694
FCYBOAXC,QRKRBYJL,8,0.43587071617300666
FCYBOAXC,VUAFAIYJ,9,-0.5793784838300075
FCYBOAXC,WBLJNPZQ,7,0.4805422214902953
FDXPMYGF,BSRMSVTC,2,0.6960081178840907
FDXPMYGF,DUCMGGNW,1,0.41876191075623714
FDXPMYGF,EVBVXETX,7,-0.42881497805766633
FDXPMYGF,FITUEHWN,4,0.49340931426812196
FDXPMYGF,HCDTGMST,4,0.6994121949059531
FDXPMYGF,HXYSSRXE,1,0.5008499001204837
FDXPMYGF,JERHKLYW,6,0.4871217009504077
FDXPMYGF,JPBRUTWP,6,0.4143054863470246
FDXPMYGF,KEUWZRKO,5,0.4499255769951244
FDXPMYGF,LUENUFGA,6,0.7268475913430924
FDXPMYGF,OGAFEHLU,5,0.720369279069779
FDXPMYGF,PYZMVUWD,4,0.4457859344563999
FDXPMYGF,SAHWCZNH,9,0.45249165556047694
FDXPMYGF,STZDBITS,7,0.41543819489058553
FDXPMYGF,SUOYXCHP,2,0.5870616848727782
FDXPMYGF,TGOELCAG,4,0.46646563056084545
FDXPMYGF,VMAQSTJE,4,0.5083672672118787
FDXPMYGF,VWMBASNE,9,0.7015436101345263
FDXPMYGF,WBLJNPZQ,1,0.4005701412757719
FDXPMYGF,WPQXWHYO,5,-0.4277506754114873
FDXPMYGF,WQMVCOEM,1,0.459034970733154
FDXPMYGF,XIFHSOWQ,7,0.7235001062293257
FDXPMYGF,XIPPENFQ,9,0.4059438449633925
FITUEHWN,IGDVVKUD,8,0.4001073012978513
FITUEHWN,KJNSOAHR,2,0.40313799080540713
FITUEHWN,RCBZUSIM,1,0.40363254021217687
FITUEHWN,SAAYMURU,2,0.44285338655305956
FITUEHWN,STZDBITS,3,0.45956670697333574
FITUEHWN,WBLJNPZQ,7,0.5339313263492842
FQCLOEXA,AHMDUILJ,7,-0.40917410012349587
FQCLOEXA,AXULOHBQ,1,-0.46228296079677245
FQCLOEXA,BLANHGYY,7,0.503339682331015
FQCLOEXA,BSRMSVTC,2,-0.4906389016755808
FQCLOEXA,DEWLVASR,2,0.43822768289189423
FQCLOEXA,EVBVXETX,3,0.613641021160775
FQCLOEXA,FDXPMYGF,8,0.4664531393861728
FQCLOEXA,FITUEHWN,3,0.5085676939728355
FQCLOEXA,FRHNWLNI,6,0.46717079264714717
FQCLOEXA,HXYSSRXE,9,0.44675561674495823
FQCLOEXA,IGDVVKUD,4,0.4488819533643857
FQCLOEXA,KEUWZRKO,6,-0.42988266958232413
FQCLOEXA,KJNSOAHR,7,0.5164589990929631
FQCLOEXA,LUENUFGA,9,-0.516668260988824
FQCLOEXA,NZKBIBNU,4,0.44464959650459157
FQCLOEXA,PYZMVUWD,5,-0.4955952019852771
FQCLOEXA,QJQJSWFU,6,-0.4649324987249703
FQCLOEXA,SAHWCZNH,2,-0.5794096374268121
FQCLOEXA,SNHYOVBM,3,0.40025666796743475
FQCLOEXA,UIFPPCLR,9,-0.43639349295845925
FQCLOEXA,WPQXWHYO,7,0.586839205594442
FQCLOEXA,XIFHSOWQ,3,-0.48111823434098017
FQCLOEXA,XIPPENFQ,6,-0.46947525120830685
FQCLOEXA,ZCELVYQU,3,0.41590453360075524
FQCLOEXA,ZKENOUDA,2,0.40902451617079466
FQCLOEXA,ZXERAXWP,6,0.48477365186658766
FRHNWLNI,ATLDMDBO,3,0.5695086170380886
FRHNWLNI,AXULOHBQ,8,0.4765874418121777
FRHNWLNI,BJALXPFS,9,0.4023748050440922
FRHNWLNI,BLANHGYY,8,0.5072048175920012
FRHNWLNI,BSRMSVTC,9,0.4251816979042206
FRHNWLNI,DNMPSKTB,3,0.4459657763517333
FRHNWLNI,DUCMGGNW,3,0.43944813064368904
FRHNWLNI,EVBVXETX,9,-0.40808104416423113
FRHNWLNI,HXYSSRXE,4,0.41921225369039417
FRHNWLNI,IGDVVKUD,6,0.4478404008331122
FRHNWLNI,JPBRUTWP,8,0.42228944402150653
FRHNWLNI,LPHPPJUG,4,-0.4593290616425093
FRHNWLNI,LSOIUSXD,8,0.4570304862603215
FRHNWLNI,LUENUFGA,4,-0.4411634404174289
FRHNWLNI,PYZMVUWD,9,0.4526706407901289
FRHNWLNI,QRKRBYJL,4,0.5902458667997217
FRHNWLNI,RAWUKQMJ,7,0.4626229629950115
FRHNWLNI,RCBZUSIM,7,0.5733142168607686
FRHNWLNI,SAHWCZNH,9,0.43564667522127754
FRHNWLNI,UGEQLMXM,9,0.5433379950781874
FRHNWLNI,VBYCLTYZ,4,0.4277770644110804
FTSVTTSR,AANGBULD,8,0.43594576693300147
FTSVTTSR,BEZYMBBT,8,-0.4703933881720284
FTSVTTSR,BLANHGYY,8,0.4165055821234815
FTSVTTSR,DEWLVASR,3,0.4401806818909495
FTSVTTSR,ELQGMQWE,7,0.5613266091274145
FTSVTTSR,FWUCPMMW,8,0.6442045795411471
FTSVTTSR,GKQIJYDH,5,0.44551367975721906
FTSVTTSR,KAGJCHMR,4,0.40509537707315574
FTSVTTSR,LLHREMKS,2,0.8847624298795355
FTSVTTSR,LSOIUSXD,8,0.44541602362129407
FTSVTTSR,MBSBZBXA,6,0.4261108602505084
FTSVTTSR,MIRCVAMV,9,-0.4392895401909449
FTSVTTSR,SAAYMURU,2,0.5876831441104783
FTSVTTSR,SNHYOVBM,1,0.4028128590254784
FTSVTTSR,STZDBITS,3,0.4511807558426371
FTSVTTSR,TGOELCAG,1,0.4267682963881189
FTSVTTSR,UGEQLMXM,7,0.4135585764060041
FTSVTTSR,VBYCLTYZ,8,0.46234091095313445
FTSVTTSR,XIIEJNEE,6,0.5537852736816611
FTSVTTSR,YSYHGLQK,8,0.48678617759657977
FTSVTTSR,ZCELVYQU,5,0.572604404134729
FTSVTTSR,ZXERAXWP,7,0.6623757916597833
FWUCPMMW,AXULOHBQ,2,0.46065113845215416
FWUCPMMW,BLANHGYY,2,0.4724939194224079
FWUCPMMW,BSRMSVTC,5,0.5736068124354308
FWUCPMMW,FDXPMYGF,3,0.617664875147048
FWUCPMMW,FITUEHWN,7,0.4097199152169851
FWUCPMMW,FTSVTTSR,4,0.6229661658870301
FWUCPMMW,HCDTGMST,7,0.5085255904869845
FWUCPMMW,JSLXRQOK,1,0.549617750432573
FWUCPMMW,LLHREMKS,6,0.7557842520434749
FWUCPMMW,LSOIUSXD,9,0.49639582395011866
FWUCPMMW,NAQIHUKZ,3,0.5849149991293413
FWUCPMMW,OGAFEHLU,8,0.48988493933837013
FWUCPMMW,PYZMVUWD,8,0.48548134087018036
FWUCPMMW,STZDBITS,7,0.42343285997672714
FWUCPMMW,VMAQSTJE,7,0.5011579437669978
FWUCPMMW,WBLJNPZQ,4,0.41259344489942945
FWUCPMMW,WHPUAOID,1,0.5728776662900166
FWUCPMMW,XIIEJNEE,4,0.613645162640239
FWUCPMMW,ZCELVYQU,8,0.48970121359761176
GKQIJYDH,APQGTRMF,8,0.40346045621279736
GKQIJYDH,BSRMSVTC,8,0.4818879162064567
GKQIJYDH,DJBLNPNC,9,0.4337666508689704
GKQIJYDH,FWUCPMMW,3,0.49301864095021397
GKQIJYDH,UQYUIVVR,7,0.4041943584793108
GKQIJYDH,XMKRPGLB,4,-0.42028938369435154
GKQIJYDH,YSYHGLQK,3,0.42137760711937433
GKQIJYDH,ZXERAXWP,2,0.4569296101321853
GYHKIVQT,AANGBULD,2,-0.5409911023598751
GYHKIVQT,APQGTRMF,1,0.4717773400996934
GYHKIVQT,ATLDMDBO,2,0.4146383502836927
GYHKIVQT,AXULOHBQ,4,0.5478074237617906
GYHKIVQT,BEZYMBBT,2,0.5042930041900113
GYHKIVQT,BSRMSVTC,8,0.4696862426392025
GYHKIVQT,DEWLVASR,8,-0.599193700660277
GYHKIVQT,DNMPSKTB,4,0.6199007815032883
GYHKIVQT,ELQGMQWE,6,-0.5428544891055601
GYHKIVQT,EVBVXETX,6,-0.7083373298794674
GYHKIVQT,FQCLOEXA,3,-0.5769870180508947
GYHKIVQT,HXYSSRXE,3,0.5605564316339454
GYHKIVQT,JBVHSUWY,9,0.41327278210263524
GYHKIVQT,JPBRUTWP,7,0.4035788721483281
GYHKIVQT,KEUWZRKO,8,0.4561483471028421
GYHKIVQT,KJNSOAHR,8,-0.7116316535030331
GYHKIVQT,LPHPPJUG,1,-0.4859721709838507
GYHKIVQT,LUENUFGA,8,0.4925403665651801
GYHKIVQT,NZKBIBNU,5,-0.47405872660466875
GYHKIVQT,OGAFEHLU,9,0.41885938313654275
GYHKIVQT,OKMBFVKS,8,0.5893779559381735
GYHKIVQT,PYZMVUWD,8,0.5943893063488267
GYHKIVQT,QRKRBYJL,1,0.495304717506719
GYHKIVQT,QVLMOEYE,8,0.5211323130167136
GYHKIVQT,RCBZUSIM,1,0.4817103177042475
GYHKIVQT,RJGPVEXX,9,-0.47858169330463063
GYHKIVQT,SAHWCZNH,6,0.4896589965216246
GYHKIVQT,SDWAYPIK,7,0.624784593186625
GYHKIVQT,UIFPPCLR,8,0.49139302188558337
GYHKIVQT,VMAQSTJE,8,0.45259662851434995
GYHKIVQT,VUAFAIYJ,9,-0.4165081465301372
GYHKIVQT,VWMBASNE,3,0.41462254804994014
GYHKIVQT,WBLJNPZQ,7,0.4686313142637815
GYHKIVQT,WPQXWHYO,9,-0.5583043309654399
GYHKIVQT,XIFHSOWQ,8,0.4450688740431362
GYHKIVQT,XUOIQPFL,8,0.5419947189905837
GYHKIVQT,ZGJXVMNI,1,-0.6004150142304583
GYHKIVQT,ZKENOUDA,5,-0.6971361480027053
GYHKIVQT,ZXERAXWP,9,-0.5233367252426063
HCDTGMST,AHMDUILJ,6,0.40900283624604117
HCDTGMST,ATLDMDBO,1,-0.409520918834865
HCDTGMST,BEZYMBBT,3,-0.44058720024748566
HCDTGMST,DJBLNPNC,9,0.48290708062586435
HCDTGMST,DNMPSKTB,8,-0.42207596259092167
HCDTGMST,FRHNWLNI,6,-0.4138994518996943
HCDTGMST,HXYSSRXE,9,-0.40026744483580434
HCDTGMST,JERHKLYW,2,0.5482200221249607
HCDTGMST,KEUWZRKO,1,0.48489229965761427
HCDTGMST,LUENUFGA,2,0.4711543142389087
HCDTGMST,MBSBZBXA,6,0.4442123869055549
HCDTGMST,MIRCVAMV,8,0.4237552411605004
HCDTGMST,RAWUKQMJ,8,-0.4547132889864361
HCDTGMST,RCBZUSIM,6,-0.4231467212017496
HCDTGMST,STZDBITS,3,0.4438340625504848
HCDTGMST,XIFHSOWQ,3,0.5054405340165457
HCDTGMST,XIPPENFQ,7,0.44281852202464794
HCDTGMST,ZGJXVMNI,7,0.47344256421368486
HXYSSRXE,AANGBULD,8,-0.42796642478549385
HXYSSRXE,ATLDMDBO,2,0.4073706992738874
HXYSSRXE,AXULOHBQ,2,0.5120587852287263
HXYSSRXE,BLANHGYY,2,0.48655343422870956
HXYSSRXE,BSRMSVTC,5,0.6045431611617892
HXYSSRXE,DEWLVASR,3,-0.4004113726367799
HXYSSRXE,DNMPSKTB,4,0.5954306245633645
HXYSSRXE,EVBVXETX,6,-0.6095578260009356
HXYSSRXE,FDXPMYGF,3,0.43389937745649493
HXYSSRXE,FQCLOEXA,3,-0.5837303297964784
HXYSSRXE,GYHKIVQT,7,0.5972835605145439
HXYSSRXE,JBVHSUWY,6,0.42724927026547976
HXYSSRXE,JPBRUTWP,2,0.4561836899279689
HXYSSRXE,KEUWZRKO,8,0.6337553354889965
HXYSSRXE,LPHPPJUG,3,-0.44664753756200587
HXYSSRXE,LUENUFGA,9,0.5029007090312793
HXYSSRXE,NZKBIBNU,7,-0.4372412445528622
HXYSSRXE,OGAFEHLU,5,0.5745066100497488
HXYSSRXE,PYZMVUWD,5,0.5393110281866961
HXYSSRXE,QVLMOEYE,8,0.42368256081661754
HXYSSRXE,RAWUKQMJ,2,0.42674219226212157
HXYSSRXE,RJGPVEXX,6,-0.5480160530387584
HXYSSRXE,SAHWCZNH,8,0.5208657124856381
HXYSSRXE,SDWAYPIK,4,0.5011947234982338
HXYSSRXE,SUOYXCHP,1,0.4069417038113661
HXYSSRXE,UGEQLMXM,6,0.5253226295652991
HXYSSRXE,VMAQSTJE,7,0.525525289088951
HXYSSRXE,VWMBASNE,8,0.5508471742273242
HXYSSRXE,WPQXWHYO,9,-0.6174445240491456
HXYSSRXE,XIFHSOWQ,7,0.5612862971296879
HXYSSRXE,ZGJXVMNI,5,-0.5380961239339918
HXYSSRXE,ZKENOUDA,5,-0.5169105613629525
IGDVVKUD,ATLDMDBO,4,0.5280057621547616
IGDVVKUD,AXULOHBQ,7,0.5810758938103787
IGDVVKUD,BLANHGYY,7,0.6240586968623566
IGDVVKUD,BSRMSVTC,6,0.45516425453140896
IGDVVKUD,BTMOEMEP,1,0.6274607685296132
IGDVVKUD,DJBLNPNC,5,0.7874671838203778
IGDVVKUD,DNMPSKTB,8,0.5401400377667177
IGDVVKUD,FDXPMYGF,8,0.6610203092155665
IGDVVKUD,FQCLOEXA,8,-0.4556663453172888
IGDVVKUD,FWUCPMMW,5,0.40023668902824133
IGDVVKUD,GYHKIVQT,7,0.40570738903002124
IGDVVKUD,HXYSSRXE,5,0.6203752752050243
IGDVVKUD,LRVGFDFM,1,0.4247366751961422
IGDVVKUD,QRKRBYJL,3,0.4414055780259118
IGDVVKUD,QVLMOEYE,2,0.5199534581630244
IGDVVKUD,RAWUKQMJ,8,0.41299642745768067
IGDVVKUD,ROACSLMG,2,0.4780183951407424
IGDVVKUD,SDWAYPIK,3,0.4786006832402022
IGDVVKUD,SNHYOVBM,3,0.4504545860535526
IGDVVKUD,SUOYXCHP,6,0.647055892405083
IGDVVKUD,UGEQLMXM,6,0.43658876081398074
IGDVVKUD,UQYUIVVR,8,0.40887144020921357
IGDVVKUD,UXSPKBJR,2,0.4949229155309536
IGDVVKUD,VBYCLTYZ,2,0.5919433176582172
IGDVVKUD,WBLJNPZQ,9,0.44840346286936134
IGDVVKUD,WHPUAOID,6,0.4488015001524842
IGDVVKUD,WQMVCOEM,9,0.6282195200784819
JBVHSUWY,APQGTRMF,2,0.46002976141635255
JBVHSUWY,BEZYMBBT,5,0.409446175543866
JBVHSUWY,DBWLZWNK,8,0.49907684525496115
JBVHSUWY,DUCMGGNW,8,0.42649724837500375
JBVHSUWY,ELQGMQWE,3,-0.5528608507120305
JBVHSUWY,FTSVTTSR,3,0.48916303552019796
JBVHSUWY,KEUWZRKO,2,0.4374973072747737
JBVHSUWY,KJNSOAHR,2,-0.474192900799899
JBVHSUWY,LLHREMKS,5,0.42330451666956675
JBVHSUWY,LTOYKIML,4,-0.4631984644790842
JBVHSUWY,NAQIHUKZ,2,0.5107095858438244
JBVHSUWY,SAAYMURU,5,0.4039894301184906
JBVHSUWY,SUOYXCHP,6,0.41243462441474954
JBVHSUWY,VMAQSTJE,1,0.4023725952924907
JBVHSUWY,ZKENOUDA,4,-0.4114242761497625
JERHKLYW,BEZYMBBT,1,-0.4121777826489905
JERHKLYW,BUZIIBYG,8,0.4001859490318316
JERHKLYW,DBWLZWNK,4,-0.4221965548939505
JERHKLYW,DEWLVASR,9,0.40000347825323046
JERHKLYW,JPBRUTWP,8,-0.5018143902995166
JERHKLYW,LPHPPJUG,8,0.447954895357266
JERHKLYW,QKXNTIIB,2,0.4303882329766062
JERHKLYW,QVLMOEYE,9,-0.47878096852759655
JERHKLYW,SAAYMURU,8,0.5165476415245218
JERHKLYW,TGOELCAG,4,0.4732302876700298
JERHKLYW,UIFPPCLR,9,-0.4255735403165984
JERHKLYW,VUAFAIYJ,4,0.45003836843715406
JERHKLYW,WPQXWHYO,8,0.4119334922992027
JERHKLYW,XIPPENFQ,5,0.447057924547084
JPBRUTWP,AANGBULD,8,-0.5252566728210367
JPBRUTWP,APQGTRMF,2,0.5680204189117153
JPBRUTWP,ATLDMDBO,2,0.6472266279813191
JPBRUTWP,AXULOHBQ,7,0.5303303138050656
JPBRUTWP,BEZYMBBT,2,0.4568795283272174
JPBRUTWP,BSRMSVTC,8,0.49911834413476885
JPBRUTWP,BTMOEMEP,5,0.482567106557437
JPBRUTWP,DEWLVASR,1,-0.4320078340963241
JPBRUTWP,DNMPSKTB,7,0.5517506734860727
JPBRUTWP,ELQGMQWE,5,-0.46118602520767416
JPBRUTWP,EVBVXETX,8,-0.44519342546573865
JPBRUTWP,FDXPMYGF,6,0.4200980979248864
JPBRUTWP,FQCLOEXA,8,-0.5076456106505505
JPBRUTWP,GYHKIVQT,5,0.6661964335112489
JPBRUTWP,HXYSSRXE,8,0.5424753663465127
JPBRUTWP,JBVHSUWY,2,0.4766772212827305
JPBRUTWP,KJNSOAHR,6,-0.4053556003986727
JPBRUTWP,NZKBIBNU,9,-0.4158018155343585
JPBRUTWP,OGAFEHLU,1,0.4216935740818878
JPBRUTWP,OKMBFVKS,2,0.51898036653144
JPBRUTWP,OXKURKXR,1,0.42535779819649044
JPBRUTWP,QRKRBYJL,3,0.603924981173888
JPBRUTWP,QVLMOEYE,2,0.6636250455050233
JPBRUTWP,RAWUKQMJ,8,0.5095921672714009
JPBRUTWP,RCBZUSIM,3,0.5607807975333268
JPBRUTWP,RJGPVEXX,9,-0.5154061769280692
JPBRUTWP,ROACSLMG,9,-0.41446058843754635
JPBRUTWP,SAHWCZNH,8,0.4362440027850214
JPBRUTWP,SDWAYPIK,1,0.5202617084877535
JPBRUTWP,UGEQLMXM,1,0.4138528706289877
JPBRUTWP,VBYCLTYZ,2,0.5077317942463605
JPBRUTWP,VWMBASNE,3,0.47604409809313586
JPBRUTWP,WBLJNPZQ,7,0.6228029419576424
JPBRUTWP,WPQXWHYO,9,-0.42015820397482007
JPBRUTWP,XUOIQPFL,7,0.5452727126267848
JPBRUTWP,ZGJXVMNI,4,-0.5586784805736738
JPBRUTWP,ZKENOUDA,9,-0.4827918985474454
JSLXRQOK,BUZIIBYG,6,-0.4031613870786079
JSLXRQOK,DJBLNPNC,3,0.4783815639517099
JSLXRQOK,FTSVTTSR,3,0.8277416486683432
JSLXRQOK,GKQIJYDH,7,0.4585914782114439
JSLXRQOK,KAGJCHMR,7,0.4077515900611378
JSLXRQOK,KJNSOAHR,3,0.4525791345449299
JSLXRQOK,LLHREMKS,5,0.7907590909273743
JSLXRQOK,NAQIHUKZ,2,0.7665871869865579
JSLXRQOK,SAAYMURU,5,0.42230667198133526
JSLXRQOK,STZDBITS,6,0.41515408841981283
JSLXRQOK,TGOELCAG,4,0.4402664011634259
JSLXRQOK,VBYCLTYZ,9,-0.4855424441578
JSLXRQOK,XIIEJNEE,3,0.6002237427082846
JSLXRQOK,ZCELVYQU,7,0.6641037874910173
KAGJCHMR,AANGBULD,7,0.49127703254213106
KAGJCHMR,AHMDUILJ,8,0.40307765955817026
KAGJCHMR,BUZIIBYG,9,0.5068067617233831
KAGJCHMR,DDEXPPXU,2,0.43998370210619714
KAGJCHMR,DJBLNPNC,8,0.4021148375393768
KAGJCHMR,DUCMGGNW,9,0.4450935563543947
KAGJCHMR,FQCLOEXA,5,0.42991573953765577
KAGJCHMR,FTSVTTSR,8,0.5227949955400752
KAGJCHMR,FWUCPMMW,4,0.5417536092004154
KAGJCHMR,GKQIJYDH,9,0.6044855401382309
KAGJCHMR,JERHKLYW,4,0.4055200520259361
KAGJCHMR,JSLXRQOK,5,0.43753946387729775
KAGJCHMR,LPHPPJUG,9,0.4299097925738987
KAGJCHMR,LTOYKIML,4,0.550224983400372
KAGJCHMR,NAQIHUKZ,9,0.5639281592594599
KAGJCHMR,NZKBIBNU,9,0.43497581551925596
KAGJCHMR,RJGPVEXX,4,0.4015240370806539
KAGJCHMR,ZKENOUDA,7,0.45199761716425413
KEUWZRKO,EVBVXETX,3,-0.4751212721904842
KEUWZRKO,FRHNWLNI,5,-0.475593951678785
KEUWZRKO,LUENUFGA,4,0.5949720464035013
KEUWZRKO,MIRCVAMV,9,0.5749606553395322
KEUWZRKO,NZKBIBNU,4,-0.520092902553665
KEUWZRKO,OKMBFVKS,9,0.4456726754280647
KEUWZRKO,RJGPVEXX,1,-0.4168259493196956
KEUWZRKO,ROACSLMG,9,0.40068748437042145
KEUWZRKO,SAHWCZNH,1,0.5621500970283262
KEUWZRKO,UIFPPCLR,2,0.41848195270741
KEUWZRKO,VWMBASNE,4,0.4572004777221218
KEUWZRKO,WPQXWHYO,1,-0.588346415999692
KEUWZRKO,XIFHSOWQ,2,0.651106283255174
KEUWZRKO,XIPPENFQ,6,0.5385950362061923
KJNSOAHR,AXULOHBQ,9,0.6442916731977959
KJNSOAHR,BJALXPFS,8,0.4081165275701272
KJNSOAHR,BLANHGYY,8,0.5645111680645059
KJNSOAHR,BTMOEMEP,7,0.4114969684588329
KJNSOAHR,EVBVXETX,3,0.49465617939258283
KJNSOAHR,FCYBOAXC,2,0.40475363935873643
KJNSOAHR,FWUCPMMW,8,0.4055526984444827
KJNSOAHR,GKQIJYDH,4,0.40696180801105414
KJNSOAHR,IGDVVKUD,6,0.4363549016504001
KJNSOAHR,JPBRUTWP,7,0.42604469768982434
KJNSOAHR,LPHPPJUG,9,-0.40117466677393193
KJNSOAHR,LRVGFDFM,2,0.4013907335034788
KJNSOAHR,OXKURKXR,8,0.4334681475574068
KJNSOAHR,QRKRBYJL,5,0.4907333617472463
KJNSOAHR,QVLMOEYE,5,0.48206413580459323
KJNSOAHR,RCBZUSIM,6,0.413055056422528
KJNSOAHR,UGEQLMXM,7,0.41350290234624765
KJNSOAHR,VBYCLTYZ,8,0.5161746769236615
KJNSOAHR,XMKRPGLB,8,-0.4216292116888253
KJNSOAHR,ZCELVYQU,4,0.4954988100333792
LLHREMKS,AANGBULD,6,0.49153405205206807
LLHREMKS,BLANHGYY,6,0.5056226919024112
LLHREMKS,ELQGMQWE,5,0.5731663136540541
LLHREMKS,FWUCPMMW,6,0.6432688870707406
LLHREMKS,GKQIJYDH,3,0.6081074999087129
LLHREMKS,HXYSSRXE,9,0.4347601011848702
LLHREMKS,KAGJCHMR,2,0.4257647719855239
LLHREMKS,KEUWZRKO,8,0.4815357845001079
LLHREMKS,KJNSOAHR,6,0.4184716930491915
LLHREMKS,LSOIUSXD,6,0.5244613961834615
LLHREMKS,MBSBZBXA,4,0.44375715463113
LLHREMKS,MIRCVAMV,9,0.46955610621073046
LLHREMKS,QKXNTIIB,4,0.42228853669569927
LLHREMKS,STZDBITS,1,0.44560121462098745
LLHREMKS,UGEQLMXM,5,0.5661653954347458
LLHREMKS,VBYCLTYZ,7,0.4441348819012665
LLHREMKS,WBLJNPZQ,8,0.47261438921042925
LLHREMKS,WHPUAOID,7,0.4636689244619418
LLHREMKS,XIIEJNEE,4,0.4945544117597565
LLHREMKS,YSYHGLQK,6,0.49649141720685036
LLHREMKS,ZCELVYQU,3,0.6245353882128517
LLHREMKS,ZXERAXWP,5,0.6503669155390448
LPHPPJUG,AHMDUILJ,3,0.42250007401459294
LPHPPJUG,AXULOHBQ,3,-0.46767968618071054
LPHPPJUG,DDEXPPXU,2,0.5089011567948392
LPHPPJUG,DEWLVASR,9,0.40673182939148844
LPHPPJUG,DJBLNPNC,5,0.4074811527379989
LPHPPJUG,EVBVXETX,9,0.48907180657927385
LPHPPJUG,FQCLOEXA,2,0.48290254954127
LPHPPJUG,HXYSSRXE,1,-0.468546789785084
LPHPPJUG,KEUWZRKO,6,-0.46812241902017193
LPHPPJUG,LUENUFGA,9,-0.46307224733131547
LPHPPJUG,NZKBIBNU,4,0.45687196046773726
LPHPPJUG,OGAFEHLU,6,-0.417602014306158
LPHPPJUG,QJQJSWFU,8,-0.45070213588185615
LPHPPJUG,RJGPVEXX,7,0.4467016525046462
LPHPPJUG,SAHWCZNH,6,-0.4806478451962406
LPHPPJUG,VMAQSTJE,7,-0.43661960148878165
LPHPPJUG,WPQXWHYO,7,0.4652428251788397
LPHPPJUG,XIFHSOWQ,8,-0.49178491802572233
LPHPPJUG,ZKENOUDA,4,0.4932754232345148
LRVGFDFM,APQGTRMF,8,0.5253203305324149
LRVGFDFM,ATLDMDBO,9,0.6633279418831431
LRVGFDFM,AXULOHBQ,7,0.5505206232507345
LRVGFDFM,BEZYMBBT,9,0.4012558387582348
LRVGFDFM,BTMOEMEP,3,0.5276816749773166
LRVGFDFM,DBWLZWNK,3,0.5539610829744509
LRVGFDFM,DJBLNPNC,7,0.6266336632465025
LRVGFDFM,DNMPSKTB,7,0.5426440983077352
LRVGFDFM,DUCMGGNW,8,0.4565123022233201
LRVGFDFM,ELQGMQWE,9,-0.4032408949090792
LRVGFDFM,FCYBOAXC,9,-0.4714932852527868
LRVGFDFM,GYHKIVQT,7,0.5602234000541085
LRVGFDFM,HXYSSRXE,7,0.575646740059079
LRVGFDFM,IGDVVKUD,2,0.6889513490734017
LRVGFDFM,JPBRUTWP,4,0.6486826754401644
LRVGFDFM,LPHPPJUG,6,-0.5210000815112655
LRVGFDFM,LSOIUSXD,3,0.4330283756233607
LRVGFDFM,OGAFEHLU,2,0.6299354594246561
LRVGFDFM,OKMBFVKS,4,0.43058227136555716
LRVGFDFM,OXKURKXR,2,0.44800889116277715
LRVGFDFM,QRKRBYJL,4,0.6465296465240166
LRVGFDFM,QVLMOEYE,4,0.7769560401204363
LRVGFDFM,RCBZUSIM,5,0.46798612402204415
LRVGFDFM,ROACSLMG,5,0.4291065363261137
LRVGFDFM,SDWAYPIK,2,0.6274794284695715
LRVGFDFM,SUOYXCHP,8,0.49082967112492665
LRVGFDFM,UGEQLMXM,2,0.6271714913689496
LRVGFDFM,UXSPKBJR,6,0.4615463045658748
LRVGFDFM,VBYCLTYZ,4,0.6757295479493979
LRVGFDFM,VUAFAIYJ,1,-0.4285744991468807
LRVGFDFM,VWMBASNE,6,0.45620072323364863
LRVGFDFM,WBLJNPZQ,9,0.5506122801679317
LRVGFDFM,WQMVCOEM,8,0.4936328929169659
LRVGFDFM,XIIEJNEE,2,0.6192719615456517
LRVGFDFM,XUOIQPFL,1,0.45727663693220433
LRVGFDFM,ZGJXVMNI,8,-0.4695558292739458
LRVGFDFM,ZKENOUDA,9,-0.4002628238697351
LSOIUSXD,AXULOHBQ,2,0.517327888288019
LSOIUSXD,CCLHWFWF,8,0.5052569691354862
LSOIUSXD,DUCMGGNW,5,0.47808686368796866
LSOIUSXD,ELQGMQWE,6,-0.44522728600778366
LSOIUSXD,FCYBOAXC,6,-0.47968170526567633
LSOIUSXD,GYHKIVQT,3,0.41012076152390653
LSOIUSXD,KJNSOAHR,1,-0.42344569522080366
LSOIUSXD,LRVGFDFM,9,0.5077417780332718
LSOIUSXD,MIRCVAMV,6,0.4387096126625193
LSOIUSXD,OGAFEHLU,9,0.4124323499014053
LSOIUSXD,OKMBFVKS,8,0.44444968353072395
LSOIUSXD,PYZMVUWD,8,0.40453211413660306
LSOIUSXD,QJQJSWFU,9,0.40588566512544544
LSOIUSXD,QVLMOEYE,1,0.41998587626230627
LSOIUSXD,RAWUKQMJ,8,0.45804086595485305
LSOIUSXD,UIFPPCLR,5,0.40267185038809544
LSOIUSXD,VUAFAIYJ,9,-0.6703884920342431
LSOIUSXD,VWMBASNE,3,0.5479443657181483
LSOIUSXD,WBLJNPZQ,5,0.6428821922980831
LSOIUSXD,XIPPENFQ,3,0.4291138735311848
LSOIUSXD,XUOIQPFL,5,0.4874372665370625
LSOIUSXD,ZKENOUDA,6,-0.43026336305036816
LTOYKIML,AANGBULD,7,-0.40029070899302505
LTOYKIML,APQGTRMF,7,-0.433276526677548
LTOYKIML,CCLHWFWF,8,0.5001929307742904
LTOYKIML,DEWLVASR,5,0.4403826812352557
LTOYKIML,FTSVTTSR,4,0.5232739613236582
LTOYKIML,JPBRUTWP,6,-0.46723075920743645
LTOYKIML,JSLXRQOK,1,0.4471324292690835
LTOYKIML,LLHREMKS,6,0.5091538722641084
LTOYKIML,MBSBZBXA,5,-0.46308735058879713
LTOYKIML,NAQIHUKZ,3,0.4840936968854594
LTOYKIML,OXKURKXR,3,-0.4261680471710988
LTOYKIML,PYZMVUWD,8,0.42810675383441615
LTOYKIML,QVLMOEYE,9,-0.4058449282064178
LTOYKIML,VUAFAIYJ,9,-0.5205543702887792
LTOYKIML,XIIEJNEE,4,0.5128789450002548
LTOYKIML,ZCELVYQU,6,0.40595181289800547
LUENUFGA,ATLDMDBO,2,-0.44347065068919994
LUENUFGA,AXULOHBQ,9,-0.5026034898082828
LUENUFGA,BJALXPFS,9,-0.492475240684756
LUENUFGA,DDEXPPXU,9,0.43029349782491466
LUENUFGA,DNMPSKTB,6,-0.5356458610340001
LUENUFGA,EVBVXETX,1,-0.48164740650785187
LUENUFGA,KAGJCHMR,7,0.4431462199656914
LUENUFGA,KJNSOAHR,1,-0.43709670735556905
LUENUFGA,LPHPPJUG,5,0.4720636110704643
LUENUFGA,MIRCVAMV,5,0.6284723808094569
LUENUFGA,OXKURKXR,9,-0.4284228755397427
LUENUFGA,RAWUKQMJ,3,-0.4187439415197994
LUENUFGA,SAHWCZNH,1,0.41339710841312893
LUENUFGA,UGEQLMXM,7,-0.48288572897428644
LUENUFGA,VWMBASNE,3,0.44185680436137553
LUENUFGA,XIFHSOWQ,1,0.6475363122216754
LUENUFGA,XIPPENFQ,4,0.6313169196715317
LUENUFGA,ZGJXVMNI,9,0.5637145507778987
LUENUFGA,ZXERAXWP,4,-0.4380014138963044
MBSBZBXA,FCYBOAXC,8,0.4422689261888518
MBSBZBXA,HCDTGMST,3,0.5188177498729716
MBSBZBXA,JERHKLYW,5,0.4270738228328273
MBSBZBXA,NAQIHUKZ,9,0.40097557782286897
MBSBZBXA,QJQJSWFU,2,-0.46423106003291104
MBSBZBXA,VBYCLTYZ,5,-0.45131477499202843
MBSBZBXA,ZKENOUDA,8,0.4016669627134003
MIRCVAMV,AANGBULD,9,0.5654188217260809
MIRCVAMV,CCLHWFWF,2,0.5498058635297648
MIRCVAMV,DBWLZWNK,5,0.4002137032516766
MIRCVAMV,DDEXPPXU,4,0.44589738830846537
MIRCVAMV,JSLXRQOK,9,0.6351028188100765
MIRCVAMV,KAGJCHMR,2,0.4707343309333311
MIRCVAMV,LTOYKIML,6,0.5896528752154485
MIRCVAMV,NAQIHUKZ,9,0.6030981907616133
MIRCVAMV,NZKBIBNU,6,0.4317790872081474
MIRCVAMV,VUAFAIYJ,9,0.6199036624517225
MIRCVAMV,ZGJXVMNI,4,0.4609047681935469
NAQIHUKZ,AANGBULD,9,0.48698607483829737
NAQIHUKZ,BLANHGYY,9,0.4672378318081751
NAQIHUKZ,DEWLVASR,4,0.40040316322940217
NAQIHUKZ,ELQGMQWE,8,0.5373320553027365
NAQIHUKZ,FITUEHWN,1,0.4518315015458663
NAQIHUKZ,FTSVTTSR,1,0.9050926265225014
NAQIHUKZ,FWUCPMMW,9,0.6612677878547618
NAQIHUKZ,GKQIJYDH,6,0.5644494520685991
NAQIHUKZ,KAGJCHMR,5,0.4275016422602934
NAQIHUKZ,KJNSOAHR,9,0.4452943608296014
NAQIHUKZ,LLHREMKS,3,0.8949034143127698
NAQIHUKZ,LSOIUSXD,9,0.4881375425317709
NAQIHUKZ,MBSBZBXA,7,0.4763672268722199
NAQIHUKZ,SAAYMURU,3,0.5858280523849831
NAQIHUKZ,STZDBITS,4,0.5516073878950917
NAQIHUKZ,TGOELCAG,2,0.4072466885884728
NAQIHUKZ,UGEQLMXM,8,0.43478423266782235
NAQIHUKZ,UQYUIVVR,9,0.41193802042082445
NAQIHUKZ,VBYCLTYZ,9,0.512514519648072
NAQIHUKZ,XIIEJNEE,7,0.5783202209098037
NAQIHUKZ,YSYHGLQK,9,0.5065950259650512
NAQIHUKZ,ZCELVYQU,6,0.6276733991550985
NAQIHUKZ,ZXERAXWP,8,0.6518093166470477
NZKBIBNU,AANGBULD,3,0.40152587055764066
NZKBIBNU,AHMDUILJ,7,-0.40150337723883506
NZKBIBNU,BEZYMBBT,7,-0.4119365456572765
NZKBIBNU,DEWLVASR,2,0.41531153525024894
NZKBIBNU,DUCMGGNW,4,0.40832642636575006
NZKBIBNU,ELQGMQWE,3,0.4142574022898778
NZKBIBNU,EVBVXETX,2,0.4489097446884056
NZKBIBNU,FITUEHWN,6,0.4642089382538465
NZKBIBNU,FRHNWLNI,4,0.48454539436224353
NZKBIBNU,FTSVTTSR,6,0.5190543621539596
NZKBIBNU,FWUCPMMW,2,0.44690865474320746
NZKBIBNU,JSLXRQOK,3,0.4850663449618368
NZKBIBNU,KEUWZRKO,2,-0.45393503389631923
NZKBIBNU,KJNSOAHR,7,0.501015925836938
NZKBIBNU,LLHREMKS,8,0.7093936385943118
NZKBIBNU,LUENUFGA,3,-0.54638589100792
NZKBIBNU,NAQIHUKZ,5,0.5862984849956313
NZKBIBNU,OKMBFVKS,5,-0.47609810553105886
NZKBIBNU,SAHWCZNH,2,-0.48156106812854754
NZKBIBNU,UXSPKBJR,8,-0.41947778103026473
NZKBIBNU,WPQXWHYO,3,0.4703967461280915
NZKBIBNU,XIFHSOWQ,1,-0.4023996716770611
NZKBIBNU,XIIEJNEE,6,0.5635849734919166
NZKBIBNU,XIPPENFQ,5,-0.407020641964825
NZKBIBNU,ZCELVYQU,8,0.41298398600497477
NZKBIBNU,ZGJXVMNI,8,-0.4946709302087525
OGAFEHLU,AHMDUILJ,5,0.4324247362487378
OGAFEHLU,APQGTRMF,6,0.5522814104783706
OGAFEHLU,ATLDMDBO,9,0.6848797552736765
OGAFEHLU,AXULOHBQ,9,0.4890011688823334
OGAFEHLU,BEZYMBBT,8,0.41061847820816716
OGAFEHLU,BLANHGYY,9,0.40936819085957094
OGAFEHLU,BTMOEMEP,7,0.5398339126542865
OGAFEHLU,CCLHWFWF,9,0.4089026596476269
OGAFEHLU,DBWLZWNK,2,0.5395080133320226
OGAFEHLU,DJBLNPNC,7,0.5209045040134006
OGAFEHLU,DNMPSKTB,1,0.566032092650152
OGAFEHLU,DUCMGGNW,6,0.43167469071775855
OGAFEHLU,FCYBOAXC,2,0.4482179358830869
OGAFEHLU,FDXPMYGF,8,0.432004355385236
OGAFEHLU,FRHNWLNI,6,0.46451276844989864
OGAFEHLU,GYHKIVQT,4,0.7039006808418973
OGAFEHLU,HXYSSRXE,7,0.4693501427704224
OGAFEHLU,IGDVVKUD,6,0.5798133263402007
OGAFEHLU,JPBRUTWP,4,0.5888255455217756
OGAFEHLU,LPHPPJUG,7,-0.4536950144344162
OGAFEHLU,LRVGFDFM,1,0.5122147837347217
OGAFEHLU,OKMBFVKS,2,0.5346067591438364
OGAFEHLU,OXKURKXR,2,0.4681987837060856
OGAFEHLU,QRKRBYJL,5,0.7418502579937403
OGAFEHLU,QVLMOEYE,4,0.7878931816377825
OGAFEHLU,RAWUKQMJ,9,0.4714487317220223
OGAFEHLU,RCBZUSIM,5,0.548007029135512
OGAFEHLU,RJGPVEXX,3,-0.4260844861356107
OGAFEHLU,ROACSLMG,2,0.4429905281647128
OGAFEHLU,SDWAYPIK,5,0.6086489400487043
OGAFEHLU,UGEQLMXM,2,0.6641728427327002
OGAFEHLU,UIFPPCLR,2,0.5852650597833625
OGAFEHLU,UQYUIVVR,3,-0.403775930565779
OGAFEHLU,UXSPKBJR,9,0.4659345080835791
OGAFEHLU,VBYCLTYZ,2,0.6840493344619353
OGAFEHLU,VWMBASNE,4,0.6291995856250444
OGAFEHLU,WBLJNPZQ,9,0.501553643492606
OGAFEHLU,WQMVCOEM,6,0.4367844917867853
OGAFEHLU,XIIEJNEE,2,0.572004091306373
OGAFEHLU,XUOIQPFL,6,0.5603864137017684
OGAFEHLU,ZGJXVMNI,2,-0.4320459929387005
OGAFEHLU,ZKENOUDA,9,-0.48018957054277056
OJIFIHMZ,AHMDUILJ,2,0.4335598468424848
OJIFIHMZ,BUZIIBYG,9,0.4685057089556663
OJIFIHMZ,FITUEHWN,2,0.4797489299107041
OJIFIHMZ,JERHKLYW,4,0.40923969389769616
OJIFIHMZ,KEUWZRKO,5,-0.4508734888562081
OJIFIHMZ,SNHYOVBM,6,0.4607867127311433
OJIFIHMZ,STZDBITS,5,0.44558171635865285
OKMBFVKS,APQGTRMF,6,0.4482992878609437
OKMBFVKS,ATLDMDBO,7,0.4864155595848097
OKMBFVKS,BEZYMBBT,2,0.4277424074741809
OKMBFVKS,BSRMSVTC,8,0.5423502626483262
OKMBFVKS,BTMOEMEP,3,0.4530039828667309
OKMBFVKS,CCLHWFWF,8,0.45359593443513857
OKMBFVKS,DEWLVASR,4,-0.4426857438135184
OKMBFVKS,DJBLNPNC,3,0.4161468275396805
OKMBFVKS,ELQGMQWE,5,-0.493266128984313
OKMBFVKS,FCYBOAXC,6,-0.4090580557096516
OKMBFVKS,FDXPMYGF,6,0.5337204053023991
OKMBFVKS,FQCLOEXA,3,-0.5172954028859237
OKMBFVKS,FRHNWLNI,4,0.41920282429930955
OKMBFVKS,GYHKIVQT,2,0.5619094328723587
OKMBFVKS,HXYSSRXE,7,0.4958367931163777
OKMBFVKS,IGDVVKUD,2,0.42464796579580155
OKMBFVKS,JPBRUTWP,5,0.4241414306998194
OKMBFVKS,KJNSOAHR,3,-0.44058120681558494
OKMBFVKS,QRKRBYJL,8,0.483805842343941
OKMBFVKS,QVLMOEYE,2,0.41819879021817324
OKMBFVKS,RCBZUSIM,1,0.4011107145405515
OKMBFVKS,RJGPVEXX,1,-0.4445019385596443
OKMBFVKS,SDWAYPIK,3,0.48072525572408253
OKMBFVKS,SUOYXCHP,8,0.4524219227230485
OKMBFVKS,UIFPPCLR,2,0.42479487785445336
OKMBFVKS,VBYCLTYZ,8,0.41458254102784664
OKMBFVKS,VWMBASNE,3,0.4745887660906056
OKMBFVKS,WBLJNPZQ,7,0.5663580604245073
OKMBFVKS,XUOIQPFL,9,0.4900370396091775
OKMBFVKS,ZGJXVMNI,1,-0.5157705976090344
OKMBFVKS,ZKENOUDA,1,-0.4783758952891737
OKMBFVKS,ZXERAXWP,1,-0.4785869420188814
OXKURKXR,APQGTRMF,4,0.5122993956961847
OXKURKXR,ATLDMDBO,4,0.5836338000214686
OXKURKXR,AXULOHBQ,5,0.5036116619504766
OXKURKXR,BEZYMBBT,1,0.490738770075646
OXKURKXR,DEWLVASR,5,-0.4361615678394977
OXKURKXR,DJBLNPNC,5,0.45308151931743645
OXKURKXR,DNMPSKTB,9,0.5040423467189209
OXKURKXR,ELQGMQWE,5,-0.4976505216427734
OXKURKXR,FDXPMYGF,8,0.452392683552385
OXKURKXR,FITUEHWN,8,-0.4135705236149816
OXKURKXR,FQCLOEXA,5,-0.490676171910823
OXKURKXR,FTSVTTSR,5,0.4549979636867936
OXKURKXR,GYHKIVQT,7,0.5231926631267232
OXKURKXR,HXYSSRXE,2,0.47299030488067373
OXKURKXR,JPBRUTWP,3,0.403704645751443
OXKURKXR,JSLXRQOK,2,0.565301295179629
OXKURKXR,LLHREMKS,7,0.4150208192870177
OXKURKXR,NAQIHUKZ,4,0.457255384421062
OXKURKXR,QRKRBYJL,1,0.4361897290153958
OXKURKXR,QVLMOEYE,2,0.5399211513452602
OXKURKXR,RAWUKQMJ,2,0.40763252251318705
OXKURKXR,RCBZUSIM,6,0.4607363869244497
OXKURKXR,SDWAYPIK,2,0.4603767667042707
OXKURKXR,SUOYXCHP,8,0.42280901540374066
OXKURKXR,TGOELCAG,6,0.4528478782070828
OXKURKXR,UGEQLMXM,3,0.4255329148049603
OXKURKXR,WBLJNPZQ,6,0.4278631569123055
OXKURKXR,WPQXWHYO,8,-0.43834893506819717
OXKURKXR,ZGJXVMNI,7,-0.5690991045970862
OXKURKXR,ZKENOUDA,7,-0.569018574000616
PYZMVUWD,AHMDUILJ,5,0.43504618816124324
PYZMVUWD,BEZYMBBT,9,0.4107066252903746
PYZMVUWD,DDEXPPXU,5,-0.4207637801000239
PYZMVUWD,KJNSOAHR,5,-0.4136275399540461
PYZMVUWD,LSOIUSXD,4,0.4687850191711794
PYZMVUWD,LUENUFGA,4,0.497665924546064
PYZMVUWD,MIRCVAMV,7,0.5505314181998413
PYZMVUWD,QJQJSWFU,1,0.4601257185461337
PYZMVUWD,RJGPVEXX,1,-0.4971289840670331
PYZMVUWD,UGEQLMXM,3,0.44099256125050507
PYZMVUWD,VUAFAIYJ,1,-0.4602409890235566
PYZMVUWD,VWMBASNE,4,0.4124111282286531
PYZMVUWD,XIFHSOWQ,2,0.5253616493876231
PYZMVUWD,XIPPENFQ,6,0.45816871788433117
PYZMVUWD,XMKRPGLB,5,-0.4535321107365855
PYZMVUWD,XUOIQPFL,9,0.42122848983698413
PYZMVUWD,ZXERAXWP,4,-0.4937913966398833
QJQJSWFU,APQGTRMF,8,0.48876708798028085
QJQJSWFU,ATLDMDBO,8,0.5520883438102118
QJQJSWFU,BEZYMBBT,9,0.41993134804598686
QJQJSWFU,DEWLVASR,9,-0.44118210496821103
QJQJSWFU,DJBLNPNC,9,0.4113892662891428
QJQJSWFU,HCDTGMST,6,-0.41563859049753815
QJQJSWFU,OJIFIHMZ,9,0.4006715279044999
QJQJSWFU,OKMBFVKS,1,0.4080244915975334
QJQJSWFU,OXKURKXR,4,0.47531331722417836
QJQJSWFU,RAWUKQMJ,9,0.4503453008986534
QJQJSWFU,SDWAYPIK,1,0.47505617596234
QJQJSWFU,VWMBASNE,9,-0.40885906939078054
QJQJSWFU,XUOIQPFL,8,0.4100273139240984
QKXNTIIB,ATLDMDBO,8,-0.42867221426016744
QKXNTIIB,BLANHGYY,2,0.40569867035891416
QKXNTIIB,CCLHWFWF,7,0.40947779535139184
QKXNTIIB,FTSVTTSR,5,0.5322187572974115
QKXNTIIB,JSLXRQOK,2,0.4425426088025568
QKXNTIIB,LLHREMKS,7,0.5284158647071813
QKXNTIIB,NAQIHUKZ,4,0.5139415900581027
QKXNTIIB,SNHYOVBM,6,0.44526924944982516
QKXNTIIB,TGOELCAG,6,0.41483731162139986
QKXNTIIB,XIIEJNEE,5,0.4528613183758106
QRKRBYJL,AANGBULD,4,-0.41871047064395495
QRKRBYJL,APQGTRMF,1,0.5632186161615391
QRKRBYJL,ATLDMDBO,2,0.7809098745709651
QRKRBYJL,AXULOHBQ,6,0.7334018162661986
QRKRBYJL,BEZYMBBT,4,0.4371139102560289
QRKRBYJL,BJALXPFS,6,0.4541783284797507
QRKRBYJL,BLANHGYY,4,0.44942438932991147
QRKRBYJL,BSRMSVTC,7,0.5069105029900841
QRKRBYJL,BTMOEMEP,2,0.602047789565239
QRKRBYJL,DEWLVASR,7,-0.5108718642391423
QRKRBYJL,DNMPSKTB,7,0.8420651785419683
QRKRBYJL,ELQGMQWE,9,-0.44882626219209876
QRKRBYJL,EVBVXETX,8,-0.4402833239731392
QRKRBYJL,FDXPMYGF,6,0.5484675079217125
QRKRBYJL,FQCLOEXA,7,-0.4526994083997089
QRKRBYJL,FRHNWLNI,1,0.4306874428466367
QRKRBYJL,GYHKIVQT,9,0.7400376177886969
QRKRBYJL,HXYSSRXE,7,0.6775877285795602
QRKRBYJL,JPBRUTWP,2,0.6368401253420487
QRKRBYJL,LPHPPJUG,5,-0.5915248467742771
QRKRBYJL,LRVGFDFM,1,0.43448801895436023
QRKRBYJL,OGAFEHLU,1,0.47341574253923374
QRKRBYJL,OKMBFVKS,9,0.4925346425138968
QRKRBYJL,OXKURKXR,4,0.43531959225462524
QRKRBYJL,QVLMOEYE,2,0.8442298118160642
QRKRBYJL,RAWUKQMJ,9,0.5115038857684626
QRKRBYJL,RCBZUSIM,1,0.5933346882611857
QRKRBYJL,RJGPVEXX,1,-0.4416978853704763
QRKRBYJL,SAHWCZNH,9,0.4184270974979016
QRKRBYJL,SDWAYPIK,1,0.6954453281842822
QRKRBYJL,UGEQLMXM,3,0.5178876923684496
QRKRBYJL,UIFPPCLR,2,0.45292589276787565
QRKRBYJL,UXSPKBJR,4,0.47352449261062834
QRKRBYJL,VBYCLTYZ,2,0.6849147222260364
QRKRBYJL,VMAQSTJE,9,0.5263319946662824
QRKRBYJL,WBLJNPZQ,9,0.5839787677931705
QRKRBYJL,XUOIQPFL,9,0.6466574952678941
QRKRBYJL,ZGJXVMNI,8,-0.5877628114359826
QRKRBYJL,ZKENOUDA,8,-0.5299780684163239
QVLMOEYE,APQGTRMF,1,0.5527248584267372
QVLMOEYE,ATLDMDBO,2,0.6460727078496465
QVLMOEYE,AXULOHBQ,5,0.7446470849067997
QVLMOEYE,BEZYMBBT,1,0.4216795270478496
QVLMOEYE,BJALXPFS,6,0.4794867670902842
QVLMOEYE,BLANHGYY,5,0.47555666061790713
QVLMOEYE,BSRMSVTC,8,0.5722630029091001
QVLMOEYE,BTMOEMEP,3,0.5949747308385399
QVLMOEYE,CCLHWFWF,8,0.4381820932392302
QVLMOEYE,DEWLVASR,8,-0.4452786606279261
QVLMOEYE,DJBLNPNC,3,0.5289012626314284
QVLMOEYE,DNMPSKTB,7,0.8333186456498772
QVLMOEYE,ELQGMQWE,5,-0.4124150809846846
QVLMOEYE,EVBVXETX,9,-0.4582304433785676
QVLMOEYE,FDXPMYGF,6,0.6850396235978189
QVLMOEYE,FQCLOEXA,9,-0.494781807800543
QVLMOEYE,FRHNWLNI,4,0.43781626508450855
QVLMOEYE,GYHKIVQT,3,0.5970274830830956
QVLMOEYE,HXYSSRXE,7,0.7283122152685347
QVLMOEYE,JPBRUTWP,1,0.5394768275313235
QVLMOEYE,KEUWZRKO,9,0.5080150216496009
QVLMOEYE,LPHPPJUG,3,-0.5192745953194476
QVLMOEYE,LRVGFDFM,8,0.4727618541766019
QVLMOEYE,OGAFEHLU,9,0.5910985834231962
QVLMOEYE,OKMBFVKS,1,0.4770279898246943
QVLMOEYE,PYZMVUWD,8,0.4618157479501546
QVLMOEYE,QRKRBYJL,1,0.7504415930110769
QVLMOEYE,RAWUKQMJ,6,0.544091348024895
QVLMOEYE,RCBZUSIM,1,0.6103642308349941
QVLMOEYE,RJGPVEXX,9,-0.49276379408684656
QVLMOEYE,SAHWCZNH,9,0.5339420855800426
QVLMOEYE,SDWAYPIK,1,0.6185015263803381
QVLMOEYE,UGEQLMXM,9,0.4130825628587041
QVLMOEYE,VBYCLTYZ,1,0.6223764232177327
QVLMOEYE,VMAQSTJE,8,0.40656711666034717
QVLMOEYE,VWMBASNE,2,0.4077997319022424
QVLMOEYE,WBLJNPZQ,7,0.6072935689030968
QVLMOEYE,WQMVCOEM,2,0.40128760751674725
QVLMOEYE,XUOIQPFL,7,0.6305986229952584
QVLMOEYE,ZGJXVMNI,7,-0.5088436252131044
QVLMOEYE,ZKENOUDA,5,-0.5071911716612509
RAWUKQMJ,AXULOHBQ,4,0.5785252233209417
RAWUKQMJ,BSRMSVTC,8,0.42333441953178697
RAWUKQMJ,DNMPSKTB,4,0.5116890769655575
RAWUKQMJ,EVBVXETX,8,-0.5033895393245478
RAWUKQMJ,FDXPMYGF,6,0.4243485342767421
RAWUKQMJ,FQCLOEXA,8,-0.4728877878396329
RAWUKQMJ,GYHKIVQT,2,0.42530948522860235
RAWUKQMJ,HXYSSRXE,1,0.5064069386234604
RAWUKQMJ,JBVHSUWY,7,0.5348738103964149
RAWUKQMJ,KEUWZRKO,9,0.5140734537807388
RAWUKQMJ,NZKBIBNU,8,-0.49754787691423646
RAWUKQMJ,RJGPVEXX,8,-0.5233877365036259
RAWUKQMJ,SAHWCZNH,5,0.45450364211623084
RAWUKQMJ,SDWAYPIK,9,0.4649592786602291
RAWUKQMJ,UGEQLMXM,4,0.41569996564274975
RAWUKQMJ,UXSPKBJR,8,-0.42942613338576746
RAWUKQMJ,VMAQSTJE,4,0.4587010957585209
RAWUKQMJ,WPQXWHYO,6,-0.5167915450659243
RAWUKQMJ,XIFHSOWQ,7,0.4306644441780911
RAWUKQMJ,ZGJXVMNI,5,-0.4897812522168626
RAWUKQMJ,ZXERAXWP,9,-0.40869026630653615
RCBZUSIM,APQGTRMF,1,0.43436626550822616
RCBZUSIM,ATLDMDBO,1,0.5759020206897582
RCBZUSIM,AXULOHBQ,4,0.6554559810055284
RCBZUSIM,BEZYMBBT,9,0.4190926547282416
RCBZUSIM,BJALXPFS,4,0.51896559577379
RCBZUSIM,BLANHGYY,4,0.41709196622681155
RCBZUSIM,BSRMSVTC,7,0.5605041307547093
RCBZUSIM,BTMOEMEP,1,0.41388634488098996
RCBZUSIM,BUZIIBYG,8,-0.4074200053192035
RCBZUSIM,DDEXPPXU,9,-0.44881309090266674
RCBZUSIM,DJBLNPNC,9,-0.41341692214852116
RCBZUSIM,DNMPSKTB,6,0.5864960270807652
RCBZUSIM,FDXPMYGF,5,0.5448478108374325
RCBZUSIM,FQCLOEXA,9,-0.4431409677714408
RCBZUSIM,GYHKIVQT,7,0.5701601781206457
RCBZUSIM,HXYSSRXE,7,0.4572664787613945
RCBZUSIM,JPBRUTWP,6,0.4097452843720134
RCBZUSIM,KEUWZRKO,9,0.4122491675443072
RCBZUSIM,LPHPPJUG,7,-0.41625812657786226
RCBZUSIM,NZKBIBNU,8,-0.4115744449846081
RCBZUSIM,OKMBFVKS,9,0.4843553479558517
RCBZUSIM,OXKURKXR,3,0.4101420873089829
RCBZUSIM,PYZMVUWD,9,0.5361514507790099
RCBZUSIM,QRKRBYJL,7,0.44395482389711016
RCBZUSIM,QVLMOEYE,9,0.5259651408487758
RCBZUSIM,RJGPVEXX,8,-0.47487801160049686
RCBZUSIM,SAHWCZNH,7,0.5534552047581648
RCBZUSIM,UIFPPCLR,9,0.412613302592398
RCBZUSIM,VMAQSTJE,9,0.5207344701153532
RCBZUSIM,WBLJNPZQ,6,0.48617165201585505
RCBZUSIM,WPQXWHYO,8,-0.47139371509942884
RCBZUSIM,XUOIQPFL,9,0.4805707788734328
RCBZUSIM,YSYHGLQK,7,0.44236895339459453
RCBZUSIM,ZGJXVMNI,1,-0.4721573234681543
RCBZUSIM,ZKENOUDA,8,-0.4223038111649783
RJGPVEXX,AANGBULD,3,0.5727715561007345
RJGPVEXX,APQGTRMF,7,-0.419231854371564
RJGPVEXX,DEWLVASR,9,0.5149148390873184
RJGPVEXX,EVBVXETX,5,0.40376958516373485
RJGPVEXX,FCYBOAXC,7,0.4292718761677563
RJGPVEXX,FITUEHWN,7,0.5592629587468596
RJGPVEXX,GYHKIVQT,1,-0.5210493039896075
RJGPVEXX,JBVHSUWY,5,-0.40659588969894256
RJGPVEXX,KEUWZRKO,1,-0.5005819255108026
RJGPVEXX,KJNSOAHR,7,0.522934884629933
RJGPVEXX,LUENUFGA,3,-0.4233303595219126
RJGPVEXX,MIRCVAMV,6,-0.4491607002077933
RJGPVEXX,OKMBFVKS,9,-0.4098976113541344
RJGPVEXX,SAHWCZNH,1,-0.4167449655109796
RJGPVEXX,SDWAYPIK,1,-0.4665014528066743
RJGPVEXX,UIFPPCLR,8,-0.4542508776056507
RJGPVEXX,UQYUIVVR,3,0.4284575316651613
RJGPVEXX,VBYCLTYZ,6,-0.4408474352705935
RJGPVEXX,VUAFAIYJ,2,0.42175371407425527
RJGPVEXX,VWMBASNE,1,-0.41092182881847766
RJGPVEXX,WPQXWHYO,2,0.4373479397063956
RJGPVEXX,XIFHSOWQ,3,-0.43864176705777236
RJGPVEXX,XIPPENFQ,5,-0.4657296102683639
RJGPVEXX,XUOIQPFL,8,-0.45686798787717164
RJGPVEXX,ZCELVYQU,8,0.4455506345370932
RJGPVEXX,ZKENOUDA,4,0.5138665347697254
ROACSLMG,APQGTRMF,6,0.43917143838321643
ROACSLMG,ATLDMDBO,2,0.47254274871561447
ROACSLMG,BEZYMBBT,4,0.40792887432755315
ROACSLMG,BSRMSVTC,8,0.41714235365269875
ROACSLMG,BTMOEMEP,3,0.552832215419233
ROACSLMG,DJBLNPNC,3,0.40766155421215855
ROACSLMG,FDXPMYGF,6,0.44183800157642505
ROACSLMG,HXYSSRXE,7,0.5191778628380851
ROACSLMG,IGDVVKUD,2,0.5612611025831717
ROACSLMG,JPBRUTWP,2,0.43199413238804035
ROACSLMG,QRKRBYJL,3,0.40734812238819273
ROACSLMG,SNHYOVBM,5,0.42833773497337657
ROACSLMG,TGOELCAG,1,-0.41769530879411104
ROACSLMG,VBYCLTYZ,2,0.40624289865022317
ROACSLMG,XMKRPGLB,3,-0.4174329243110751
ROACSLMG,XUOIQPFL,2,0.4048025531853429
SAAYMURU,BJALXPFS,3,0.4942169741546548
SAAYMURU,FWUCPMMW,6,0.4718275117138124
SAAYMURU,HCDTGMST,7,0.45804719636577956
SAAYMURU,MBSBZBXA,4,0.49406494424033537
SAAYMURU,NAQIHUKZ,9,0.4559552194622324
SAAYMURU,OGAFEHLU,8,0.47789354156441943
SAAYMURU,STZDBITS,1,0.42295887854925646
SAAYMURU,TGOELCAG,7,0.4155402925996321
SAAYMURU,UQYUIVVR,3,0.45322822904391113
SAAYMURU,VMAQSTJE,7,0.43563867611519863
SAAYMURU,WHPUAOID,7,0.47812596885044967
SAAYMURU,XIIEJNEE,4,0.41602075192373894
SAHWCZNH,ATLDMDBO,6,-0.4533011588508552
SAHWCZNH,AXULOHBQ,8,-0.46504243442051174
SAHWCZNH,BJALXPFS,8,-0.40627802703722704
SAHWCZNH,DNMPSKTB,8,-0.43176538921351254
SAHWCZNH,EVBVXETX,3,-0.5628883177173858
SAHWCZNH,FRHNWLNI,5,-0.45922086613128105
SAHWCZNH,HXYSSRXE,6,-0.4889556381255815
SAHWCZNH,JSLXRQOK,1,-0.4095862072610074
SAHWCZNH,KEUWZRKO,2,0.4521095979709318
SAHWCZNH,KJNSOAHR,5,-0.45356175560247
SAHWCZNH,LUENUFGA,4,0.7140336605016712
SAHWCZNH,MIRCVAMV,7,0.5077156997117309
SAHWCZNH,NZKBIBNU,4,-0.5062465330397303
SAHWCZNH,QRKRBYJL,9,-0.4599853196238376
SAHWCZNH,RJGPVEXX,1,-0.46479961623141236
SAHWCZNH,UXSPKBJR,9,0.43865374655786477
SAHWCZNH,WPQXWHYO,1,-0.6769911465399359
SAHWCZNH,WQMVCOEM,3,-0.5151527106668282
SAHWCZNH,XIFHSOWQ,2,0.7273993883581643
SAHWCZNH,XIPPENFQ,6,0.5489488323210812
SAHWCZNH,ZCELVYQU,9,-0.419463421607955
SAHWCZNH,ZGJXVMNI,9,0.43492360357858
SDWAYPIK,AANGBULD,4,-0.4971222481130728
SDWAYPIK,APQGTRMF,7,0.5853558151206393
SDWAYPIK,ATLDMDBO,7,0.6677446146570837
SDWAYPIK,AXULOHBQ,8,0.5576541726931445
SDWAYPIK,BEZYMBBT,3,0.515203329089194
SDWAYPIK,BLANHGYY,9,0.4132702514955311
SDWAYPIK,BSRMSVTC,7,0.4122777565003851
SDWAYPIK,BTMOEMEP,2,0.5318556728037773
SDWAYPIK,DBWLZWNK,1,0.48846472928424345
SDWAYPIK,DEWLVASR,1,-0.5258733175148249
SDWAYPIK,DNMPSKTB,6,0.6564233666325724
SDWAYPIK,DUCMGGNW,6,0.5201169142187902
SDWAYPIK,ELQGMQWE,7,-0.46379756565925706
SDWAYPIK,EVBVXETX,8,-0.45321339553586604
SDWAYPIK,FQCLOEXA,7,-0.4573253219848596
SDWAYPIK,GYHKIVQT,2,0.7274497452345959
SDWAYPIK,HXYSSRXE,9,0.5935070725986117
SDWAYPIK,IGDVVKUD,1,0.4738248720105976
SDWAYPIK,JPBRUTWP,2,0.6131175838829808
SDWAYPIK,KJNSOAHR,6,-0.5017467500490228
SDWAYPIK,LPHPPJUG,4,-0.5619192625594692
SDWAYPIK,LRVGFDFM,1,0.45347974615796094
SDWAYPIK,LSOIUSXD,2,0.4205964641040685
SDWAYPIK,OGAFEHLU,1,0.5800543962835445
SDWAYPIK,OKMBFVKS,2,0.5576341057480052
SDWAYPIK,OXKURKXR,3,0.6394874018732282
SDWAYPIK,QJQJSWFU,1,0.4397918287546624
SDWAYPIK,QRKRBYJL,2,0.6752571149972573
SDWAYPIK,QVLMOEYE,2,0.730036223612585
SDWAYPIK,RAWUKQMJ,9,0.5691916189282847
SDWAYPIK,RCBZUSIM,3,0.5170987970776845
SDWAYPIK,RJGPVEXX,1,-0.4215738793164935
SDWAYPIK,UGEQLMXM,1,0.5845570403177944
SDWAYPIK,UIFPPCLR,2,0.5161036957866273
SDWAYPIK,UXSPKBJR,3,0.4773340127801233
SDWAYPIK,VBYCLTYZ,2,0.616998701814271
SDWAYPIK,VMAQSTJE,9,0.527720535269917
SDWAYPIK,VWMBASNE,4,0.43908548140819526
SDWAYPIK,WBLJNPZQ,9,0.5077178509186913
SDWAYPIK,WQMVCOEM,6,0.5062683173895676
SDWAYPIK,XUOIQPFL,6,0.664998344290985
SDWAYPIK,ZGJXVMNI,3,-0.5634884349870347
SDWAYPIK,ZKENOUDA,3,-0.6781473202059268
SNHYOVBM,AHMDUILJ,4,-0.43256782595258464
SNHYOVBM,BLANHGYY,4,0.4708018765698047
SNHYOVBM,BSRMSVTC,7,0.43705668695767036
SNHYOVBM,DBWLZWNK,4,0.42725808257106557
SNHYOVBM,DJBLNPNC,2,0.5754680843541367
SNHYOVBM,DUCMGGNW,5,-0.4746164634301023
SNHYOVBM,FITUEHWN,9,0.4802635285491578
SNHYOVBM,HCDTGMST,9,0.5111440221148604
SNHYOVBM,ROACSLMG,8,-0.4144653081142418
SNHYOVBM,TGOELCAG,9,0.493947392929269
SNHYOVBM,VMAQSTJE,9,0.5585007148193846
STZDBITS,AHMDUILJ,7,0.41750673822711354
STZDBITS,FWUCPMMW,5,0.4800831946773986
STZDBITS,LTOYKIML,5,0.4055286898137225
STZDBITS,NAQIHUKZ,8,0.40869624548437206
STZDBITS,OXKURKXR,7,0.4875467391843052
STZDBITS,UXSPKBJR,7,0.4533898963381757
STZDBITS,XIIEJNEE,3,0.5382729667055406
STZDBITS,YSYHGLQK,5,0.4905359252634304
SUOYXCHP,FITUEHWN,2,0.430987024434505
SUOYXCHP,HCDTGMST,6,0.4910302475321455
SUOYXCHP,JPBRUTWP,8,0.4909497262279718
SUOYXCHP,KEUWZRKO,2,0.40651883313754217
SUOYXCHP,PYZMVUWD,7,0.4910914455815516
SUOYXCHP,QJQJSWFU,6,0.4371295106889295
SUOYXCHP,RJGPVEXX,6,-0.4355257066710858
SUOYXCHP,SAHWCZNH,7,0.45876267229539763
SUOYXCHP,STZDBITS,5,0.49167178501288566
SUOYXCHP,WPQXWHYO,3,-0.4200694529595283
TGOELCAG,KEUWZRKO,1,0.49977695251601717
TGOELCAG,LLHREMKS,1,0.40786251570374565
TGOELCAG,LUENUFGA,5,0.5269772360550752
TGOELCAG,OJIFIHMZ,5,-0.4904714635452239
TGOELCAG,XIFHSOWQ,3,0.40437855301898973
TGOELCAG,XMKRPGLB,5,0.4177243144519579
TGOELCAG,YSYHGLQK,1,0.4803861383566818
UGEQLMXM,APQGTRMF,3,0.5143849552009612
UGEQLMXM,ATLDMDBO,4,0.6019874084845321
UGEQLMXM,AXULOHBQ,7,0.5705370519355429
UGEQLMXM,BJALXPFS,8,0.41313825596819576
UGEQLMXM,BLANHGYY,7,0.5600489034676871
UGEQLMXM,BTMOEMEP,5,0.7007411327977349
UGEQLMXM,DBWLZWNK,1,0.5339385437790456
UGEQLMXM,DEWLVASR,7,-0.4073113381325605
UGEQLMXM,DJBLNPNC,5,0.6782995854877953
UGEQLMXM,DNMPSKTB,9,0.6708580942068805
UGEQLMXM,DUCMGGNW,5,0.41792934356014116
UGEQLMXM,ELQGMQWE,8,-0.4485128094936367
UGEQLMXM,FCYBOAXC,8,-0.4166465272862503
UGEQLMXM,FDXPMYGF,8,0.6562198093672077
UGEQLMXM,FQCLOEXA,7,-0.5082620949047184
UGEQLMXM,GYHKIVQT,5,0.6095638630276476
UGEQLMXM,HXYSSRXE,9,0.5849531943590079
UGEQLMXM,IGDVVKUD,4,0.6899898706738188
UGEQLMXM,JPBRUTWP,3,0.5785155125922541
UGEQLMXM,KJNSOAHR,9,-0.44611759358878417
UGEQLMXM,LPHPPJUG,5,-0.43924729626284637
UGEQLMXM,LSOIUSXD,1,0.5426258199176103
UGEQLMXM,OGAFEHLU,1,0.5308404147166685
UGEQLMXM,OKMBFVKS,2,0.47724311325850843
UGEQLMXM,OXKURKXR,2,0.4851368860503129
UGEQLMXM,QRKRBYJL,3,0.6436528109039381
UGEQLMXM,QVLMOEYE,2,0.7525540348118881
UGEQLMXM,RAWUKQMJ,8,0.5039004812706637
UGEQLMXM,RCBZUSIM,4,0.4554101221879415
UGEQLMXM,ROACSLMG,3,0.4139551279613697
UGEQLMXM,SDWAYPIK,3,0.7272295563562845
UGEQLMXM,UQYUIVVR,8,0.40345316129741216
UGEQLMXM,UXSPKBJR,7,0.530563379111865
UGEQLMXM,VBYCLTYZ,2,0.6889805389319419
UGEQLMXM,VWMBASNE,5,0.5234611354920083
UGEQLMXM,WBLJNPZQ,9,0.5862037967670761
UGEQLMXM,WHPUAOID,6,0.5793375234896624
UGEQLMXM,WQMVCOEM,9,0.5893409288058036
UGEQLMXM,XUOIQPFL,9,0.5272128099518579
UGEQLMXM,ZGJXVMNI,5,-0.4189803310944928
UGEQLMXM,ZKENOUDA,9,-0.502155907824741
UIFPPCLR,APQGTRMF,4,0.45735623905287415
UIFPPCLR,BEZYMBBT,4,0.4023299758175175
UIFPPCLR,DEWLVASR,2,-0.40980971172355174
UIFPPCLR,ELQGMQWE,2,-0.46144594967735136
UIFPPCLR,FDXPMYGF,9,0.4584729822052818
UIFPPCLR,GKQIJYDH,7,-0.42631564112000836
UIFPPCLR,GYHKIVQT,2,0.597287380181565
UIFPPCLR,HXYSSRXE,5,0.4292833393357495
UIFPPCLR,KJNSOAHR,3,-0.5063876206415188
UIFPPCLR,LPHPPJUG,8,-0.5326159581083715
UIFPPCLR,OKMBFVKS,7,0.42180405391542525
UIFPPCLR,PYZMVUWD,8,0.4052780768501136
UIFPPCLR,QRKRBYJL,3,0.47705431891839917
UIFPPCLR,QVLMOEYE,2,0.4271847858927939
UIFPPCLR,RAWUKQMJ,7,0.4039307380088085
UIFPPCLR,SDWAYPIK,9,0.5063005136475826
UIFPPCLR,UXSPKBJR,2,0.49551256360488805
UIFPPCLR,VBYCLTYZ,3,0.4392320634369661
UIFPPCLR,WQMVCOEM,4,0.42676339429284943
UIFPPCLR,XUOIQPFL,4,0.5053604924081795
UIFPPCLR,ZKENOUDA,2,-0.4419220842929136
UQYUIVVR,DBWLZWNK,9,-0.43916541012859583
UQYUIVVR,FCYBOAXC,8,0.4182943756992423
UQYUIVVR,HCDTGMST,4,0.4115073580444969
UQYUIVVR,OGAFEHLU,5,0.41987770811715525
UQYUIVVR,TGOELCAG,4,0.49137899063667956
UQYUIVVR,UIFPPCLR,5,-0.46329749569202866
UQYUIVVR,VMAQSTJE,4,0.44974152964254194
UQYUIVVR,VUAFAIYJ,9,0.4494773214549088
UQYUIVVR,VWMBASNE,9,0.41601193504813344
UQYUIVVR,WHPUAOID,4,0.4317026503039608
UQYUIVVR,WQMVCOEM,1,0.47489764242351523
UQYUIVVR,XUOIQPFL,9,-0.41360179823355403
UQYUIVVR,ZKENOUDA,6,0.4168452437292302
UXSPKBJR,APQGTRMF,2,0.5244619818739124
UXSPKBJR,ATLDMDBO,3,0.6212277001735085
UXSPKBJR,AXULOHBQ,8,0.574498606743579
UXSPKBJR,BTMOEMEP,3,0.4751638458138464
UXSPKBJR,DBWLZWNK,3,0.5130245717047985
UXSPKBJR,DNMPSKTB,2,0.45832238436484285
UXSPKBJR,FDXPMYGF,9,0.46012984602968676
UXSPKBJR,FQCLOEXA,9,-0.42397630468400443
UXSPKBJR,FRHNWLNI,7,0.47451152419564874
UXSPKBJR,HXYSSRXE,6,0.6428461646481172
UXSPKBJR,IGDVVKUD,2,0.49600469004573966
UXSPKBJR,JPBRUTWP,3,0.4923332583933511
UXSPKBJR,KEUWZRKO,3,-0.41773440586589355
UXSPKBJR,LPHPPJUG,9,-0.5525475997021226
UXSPKBJR,LRVGFDFM,3,0.4917803061416277
UXSPKBJR,NZKBIBNU,4,0.41264688456299853
UXSPKBJR,OJIFIHMZ,3,0.4117918976811563
UXSPKBJR,QRKRBYJL,4,0.5939208947799983
UXSPKBJR,QVLMOEYE,3,0.5728023698346925
UXSPKBJR,RAWUKQMJ,6,0.5322978850968768
UXSPKBJR,RCBZUSIM,6,0.6377362543331047
UXSPKBJR,SAHWCZNH,2,-0.42883179545932126
UXSPKBJR,SDWAYPIK,1,0.5033389475795815
UXSPKBJR,SUOYXCHP,8,0.46555191665464263
UXSPKBJR,VBYCLTYZ,4,0.48950303895668607
UXSPKBJR,WQMVCOEM,2,0.5328473081560616
UXSPKBJR,XIIEJNEE,1,0.4018609429611663
UXSPKBJR,XIPPENFQ,8,-0.43069177841634015
UXSPKBJR,ZGJXVMNI,7,-0.46214787091397036
VBYCLTYZ,APQGTRMF,1,0.6076715222460718
VBYCLTYZ,ATLDMDBO,2,0.7303920452700351
VBYCLTYZ,AXULOHBQ,5,0.6105857129314625
VBYCLTYZ,BEZYMBBT,2,0.48990589826096753
VBYCLTYZ,BJALXPFS,6,0.4650829906856865
VBYCLTYZ,BLANHGYY,5,0.5787742172086234
VBYCLTYZ,BSRMSVTC,8,0.6114281964260151
VBYCLTYZ,BTMOEMEP,3,0.7241167551586564
VBYCLTYZ,DEWLVASR,9,-0.4112087033891744
VBYCLTYZ,DJBLNPNC,3,0.5638020976555905
VBYCLTYZ,DNMPSKTB,7,0.7990787270964946
VBYCLTYZ,FDXPMYGF,6,0.6708421601369096
VBYCLTYZ,FQCLOEXA,8,-0.45403844500082646
VBYCLTYZ,FRHNWLNI,4,0.4456625729473341
VBYCLTYZ,GYHKIVQT,7,0.6514721248809283
VBYCLTYZ,HXYSSRXE,8,0.7761405755092139
VBYCLTYZ,IGDVVKUD,2,0.5631326503879969
VBYCLTYZ,JBVHSUWY,9,0.4295560455454105
VBYCLTYZ,JPBRUTWP,2,0.5556668574887054
VBYCLTYZ,LPHPPJUG,5,-0.5460189723611303
VBYCLTYZ,OKMBFVKS,7,0.41423359410300686
VBYCLTYZ,OXKURKXR,1,0.4059264758409722
VBYCLTYZ,QRKRBYJL,1,0.7116710843303456
VBYCLTYZ,QVLMOEYE,2,0.7456446485698023
VBYCLTYZ,RAWUKQMJ,7,0.5856521044900802
VBYCLTYZ,RCBZUSIM,3,0.5373181078541571
VBYCLTYZ,SDWAYPIK,1,0.6377472418537982
VBYCLTYZ,SUOYXCHP,8,0.44623998942805215
VBYCLTYZ,UGEQLMXM,4,0.44645188815519715
VBYCLTYZ,UXSPKBJR,2,0.47917774752993086
VBYCLTYZ,VMAQSTJE,9,0.4088368644420417
VBYCLTYZ,WBLJNPZQ,7,0.5590718330197598
VBYCLTYZ,WQMVCOEM,4,0.4810229726619345
VBYCLTYZ,XUOIQPFL,7,0.5505432407166537
VBYCLTYZ,ZGJXVMNI,8,-0.4858436589636634
VBYCLTYZ,ZKENOUDA,7,-0.4266146750354553
VMAQSTJE,EVBVXETX,4,-0.40093350848406384
VMAQSTJE,KEUWZRKO,1,0.5499340590634711
VMAQSTJE,LUENUFGA,5,0.4079899259749752
VMAQSTJE,MIRCVAMV,8,0.45657144579932674
VMAQSTJE,OGAFEHLU,1,0.41656746212336976
VMAQSTJE,OJIFIHMZ,4,0.40936719919484366
VMAQSTJE,PYZMVUWD,1,0.48237296839609245
VMAQSTJE,RCBZUSIM,1,0.40177978995258995
VMAQSTJE,STZDBITS,3,0.45249424757269335
VMAQSTJE,UIFPPCLR,3,0.4557754488220588
VMAQSTJE,VWMBASNE,5,0.47598706494747023
VMAQSTJE,WBLJNPZQ,7,0.4568686299834084
VMAQSTJE,WPQXWHYO,1,-0.42544682949460244
VMAQSTJE,XIFHSOWQ,3,0.5323067060267864
VMAQSTJE,XIPPENFQ,7,0.5027950918506
VUAFAIYJ,APQGTRMF,5,-0.5008609184996828
VUAFAIYJ,ATLDMDBO,8,-0.6017110993749402
VUAFAIYJ,CCLHWFWF,9,-0.4886729894821653
VUAFAIYJ,DUCMGGNW,8,-0.45297765680816526
VUAFAIYJ,ELQGMQWE,7,0.4378847816534884
VUAFAIYJ,FCYBOAXC,9,0.5305212320986521
VUAFAIYJ,HXYSSRXE,9,-0.4351046280844954
VUAFAIYJ,JERHKLYW,8,0.4532300194894279
VUAFAIYJ,LLHREMKS,3,0.41675357584228456
VUAFAIYJ,LRVGFDFM,5,0.5198963052104385
VUAFAIYJ,LSOIUSXD,3,-0.6661228418213522
VUAFAIYJ,QRKRBYJL,9,-0.4283754109044457
VUAFAIYJ,UGEQLMXM,3,-0.40727254952892566
VUAFAIYJ,UIFPPCLR,6,-0.4264346010975862
VUAFAIYJ,VWMBASNE,4,-0.4347554624735459
VUAFAIYJ,WBLJNPZQ,8,-0.6123925514337759
VUAFAIYJ,WHPUAOID,1,0.42545534569408816
VUAFAIYJ,XIPPENFQ,6,-0.41881752499013447
VUAFAIYJ,XUOIQPFL,8,-0.4115074316902463
VUAFAIYJ,ZCELVYQU,6,0.4229862530862225
VUAFAIYJ,ZKENOUDA,9,0.42898217946573924
VUAFAIYJ,ZXERAXWP,6,0.4291935069896404
VWMBASNE,BTMOEMEP,9,-0.41939261457630955
VWMBASNE,CCLHWFWF,6,0.6990004537411946
VWMBASNE,DBWLZWNK,8,0.4426219995774771
VWMBASNE,DEWLVASR,8,-0.41993799377887825
VWMBASNE,FCYBOAXC,6,-0.4614434836070636
VWMBASNE,JERHKLYW,9,0.4801294564928123
VWMBASNE,JPBRUTWP,9,0.44990819651273717
VWMBASNE,LRVGFDFM,5,0.46537075587095084
VWMBASNE,LSOIUSXD,9,0.5202346464757777
VWMBASNE,MIRCVAMV,4,0.7421710701048976
VWMBASNE,OGAFEHLU,9,0.47187161167716946
VWMBASNE,VUAFAIYJ,8,-0.5581052353710776
VWMBASNE,WBLJNPZQ,4,0.6787598656273118
VWMBASNE,XIPPENFQ,2,0.5497700201085923
WBLJNPZQ,AANGBULD,2,-0.431670387412568
WBLJNPZQ,ATLDMDBO,1,0.5078726791913482
WBLJNPZQ,AXULOHBQ,7,0.49142300708854236
WBLJNPZQ,BJALXPFS,6,0.527109435406401
WBLJNPZQ,BSRMSVTC,1,0.45731056273727994
WBLJNPZQ,BTMOEMEP,1,0.40051834078607
WBLJNPZQ,CCLHWFWF,3,0.5680291414274923
WBLJNPZQ,DBWLZWNK,6,0.4074275984699082
WBLJNPZQ,DEWLVASR,6,-0.5218219260130711
WBLJNPZQ,DNMPSKTB,8,0.4139844566072211
WBLJNPZQ,FQCLOEXA,3,-0.4283519259947014
WBLJNPZQ,GYHKIVQT,9,0.4205679766094407
WBLJNPZQ,HXYSSRXE,1,0.5482809561986959
WBLJNPZQ,JBVHSUWY,7,0.4236403993540544
WBLJNPZQ,JPBRUTWP,5,0.6561127334003896
WBLJNPZQ,KJNSOAHR,8,-0.42533082717756204
WBLJNPZQ,LPHPPJUG,4,-0.5017458154565112
WBLJNPZQ,LRVGFDFM,1,0.5200330331497771
WBLJNPZQ,LSOIUSXD,5,0.5589306384758039
WBLJNPZQ,LTOYKIML,7,0.5136109231527552
WBLJNPZQ,MIRCVAMV,1,0.41596043757396906
WBLJNPZQ,OGAFEHLU,5,0.5151581256241414
WBLJNPZQ,OKMBFVKS,1,0.41127912940919636
WBLJNPZQ,OXKURKXR,8,0.4320977338301774
WBLJNPZQ,QRKRBYJL,1,0.49934314230271953
WBLJNPZQ,QVLMOEYE,8,0.45881698284387845
WBLJNPZQ,RAWUKQMJ,2,0.4168369782060137
WBLJNPZQ,RJGPVEXX,2,-0.5004633091216052
WBLJNPZQ,SDWAYPIK,5,0.5269132377010198
WBLJNPZQ,SNHYOVBM,6,-0.44185012582140926
WBLJNPZQ,UGEQLMXM,6,0.5510126326105729
WBLJNPZQ,UIFPPCLR,6,0.41121379014424075
WBLJNPZQ,VUAFAIYJ,4,-0.5543082402019417
WBLJNPZQ,VWMBASNE,8,0.5578796194468444
WBLJNPZQ,XIFHSOWQ,6,0.4256630724960003
WBLJNPZQ,XIPPENFQ,9,0.4336912912322838
WBLJNPZQ,XUOIQPFL,1,0.43436251033180934
WBLJNPZQ,ZGJXVMNI,1,-0.49834198755452036
WBLJNPZQ,ZKENOUDA,1,-0.5328808056540295
WHPUAOID,DUCMGGNW,3,0.43352770717408373
WHPUAOID,FDXPMYGF,2,0.4270135336576332
WHPUAOID,HXYSSRXE,9,-0.5011468608822035
WHPUAOID,JERHKLYW,8,0.41379203405853693
WHPUAOID,LLHREMKS,5,0.4490155069258222
WHPUAOID,LRVGFDFM,4,0.4393064570376236
WHPUAOID,OJIFIHMZ,4,0.4040340047614797
WHPUAOID,XMKRPGLB,6,-0.4778587475324476
WPQXWHYO,EVBVXETX,2,0.45466445473440625
WPQXWHYO,FITUEHWN,8,0.435312888013111
WPQXWHYO,KJNSOAHR,7,0.4262396252999292
WPQXWHYO,LUENUFGA,3,-0.5417501041468272
WPQXWHYO,MIRCVAMV,3,-0.43881189309604246
WPQXWHYO,NZKBIBNU,4,0.49424962897859726
WPQXWHYO,RJGPVEXX,3,0.5517889059949721
WPQXWHYO,SAHWCZNH,2,-0.4470287242635632
WPQXWHYO,UXSPKBJR,8,-0.4798683376896784
WPQXWHYO,VMAQSTJE,3,-0.46984848765101356
WPQXWHYO,XIFHSOWQ,1,-0.5900799485765421
WPQXWHYO,XIPPENFQ,5,-0.5207859244672675
WPQXWHYO,ZCELVYQU,8,0.4145742356413146
WPQXWHYO,ZKENOUDA,4,0.442743526761088
WQMVCOEM,AXULOHBQ,3,0.42299440983991554
WQMVCOEM,BJALXPFS,5,0.4413313111099208
WQMVCOEM,DNMPSKTB,6,0.45121817110286966
WQMVCOEM,FDXPMYGF,2,0.4107575258459195
WQMVCOEM,HXYSSRXE,7,0.43845464982732085
WQMVCOEM,JPBRUTWP,5,0.5029760363254647
WQMVCOEM,OGAFEHLU,4,0.5066900536783105
WQMVCOEM,QJQJSWFU,9,0.4045862810045197
WQMVCOEM,SAHWCZNH,9,0.46157978318243514
WQMVCOEM,SUOYXCHP,8,0.44754499830974853
WQMVCOEM,VMAQSTJE,8,0.4093296666086603
WQMVCOEM,ZGJXVMNI,9,-0.4138738637282269
XIFHSOWQ,AXULOHBQ,6,-0.4242936332628638
XIFHSOWQ,EVBVXETX,1,-0.5187552696003265
XIFHSOWQ,FCYBOAXC,4,-0.4147907696040331
XIFHSOWQ,FRHNWLNI,3,-0.41133119868180307
XIFHSOWQ,LUENUFGA,2,0.6198006802693753
XIFHSOWQ,MIRCVAMV,5,0.7142844888420231
XIFHSOWQ,NZKBIBNU,2,-0.4712704655338335
XIFHSOWQ,SAHWCZNH,2,0.4799247173323461
XIFHSOWQ,UXSPKBJR,7,0.41889440609457224
XIFHSOWQ,VWMBASNE,2,0.6760303734571048
XIFHSOWQ,WPQXWHYO,1,-0.5820077223753254
XIFHSOWQ,XIPPENFQ,4,0.7445383485104783
XIFHSOWQ,ZGJXVMNI,9,0.6259577368966557
XIIEJNEE,APQGTRMF,9,0.47779718359099027
XIIEJNEE,ATLDMDBO,4,0.5568683424630286
XIIEJNEE,AXULOHBQ,7,0.5784133586429026
XIIEJNEE,BLANHGYY,7,0.7261939913544898
XIIEJNEE,BTMOEMEP,5,0.7431115438986848
XIIEJNEE,BUZIIBYG,2,0.48663757946954744
XIIEJNEE,DBWLZWNK,1,0.4190930731535116
XIIEJNEE,DJBLNPNC,5,0.9266997480338385
XIIEJNEE,DNMPSKTB,9,0.49984752495069323
XIIEJNEE,DUCMGGNW,9,0.45044930206527306
XIIEJNEE,EVBVXETX,3,0.44719600287350586
XIIEJNEE,FDXPMYGF,8,0.8168271483685018
XIIEJNEE,FRHNWLNI,6,0.5134876323095027
XIIEJNEE,FWUCPMMW,5,0.52667497745395
XIIEJNEE,HXYSSRXE,5,0.4497867211088783
XIIEJNEE,IGDVVKUD,4,0.9286131606560335
XIIEJNEE,LRVGFDFM,1,0.461017725064796
XIIEJNEE,MBSBZBXA,9,0.43919953466104167
XIIEJNEE,OKMBFVKS,2,0.45046529454269446
XIIEJNEE,QRKRBYJL,3,0.5385010315601539
XIIEJNEE,QVLMOEYE,2,0.6007937185786442
XIIEJNEE,RCBZUSIM,3,0.4921223251735381
XIIEJNEE,ROACSLMG,2,0.4711584940052666
XIIEJNEE,SAAYMURU,5,0.4873683917354206
XIIEJNEE,SDWAYPIK,3,0.5393867588255328
XIIEJNEE,SNHYOVBM,3,0.5907432428129661
XIIEJNEE,UGEQLMXM,6,0.4025228792340679
XIIEJNEE,UQYUIVVR,8,0.5199321951032064
XIIEJNEE,UXSPKBJR,7,0.60594831395536
XIIEJNEE,VBYCLTYZ,2,0.6506932476845814
XIIEJNEE,VWMBASNE,5,0.41229695096850616
XIIEJNEE,WBLJNPZQ,9,0.5454870945540669
XIIEJNEE,WHPUAOID,6,0.5377366831234506
XIIEJNEE,WQMVCOEM,9,0.6947573200894572
XIPPENFQ,DDEXPPXU,5,0.5080033813154199
XIPPENFQ,EVBVXETX,9,0.49954251566465285
XIPPENFQ,FCYBOAXC,3,-0.4141992040334983
XIPPENFQ,FQCLOEXA,9,0.4218318353558024
XIPPENFQ,LTOYKIML,9,0.45749792752860136
XIPPENFQ,MIRCVAMV,3,0.6851308070580187
XIPPENFQ,NZKBIBNU,7,0.5222490715884714
XIPPENFQ,QRKRBYJL,9,-0.4476472718173829
XIPPENFQ,RJGPVEXX,9,0.5075149797317704
XIPPENFQ,ZGJXVMNI,7,0.544902240639481
XIPPENFQ,ZKENOUDA,9,0.4856859989743933
XMKRPGLB,BSRMSVTC,2,-0.41337564632157126
XMKRPGLB,DUCMGGNW,7,0.4269001861155772
XMKRPGLB,LRVGFDFM,9,0.4077439256545015
XMKRPGLB,LTOYKIML,8,-0.5018898036620681
XMKRPGLB,SNHYOVBM,3,0.44896999991725267
XUOIQPFL,APQGTRMF,6,0.5666705988450762
XUOIQPFL,ATLDMDBO,2,0.5905814365371064
XUOIQPFL,AXULOHBQ,8,0.6335808210240749
XUOIQPFL,BEZYMBBT,8,0.4494333056644091
XUOIQPFL,BJALXPFS,9,0.6093757043272934
XUOIQPFL,BLANHGYY,8,0.43175665221240067
XUOIQPFL,BTMOEMEP,6,0.46694424614890295
XUOIQPFL,DBWLZWNK,3,0.5810925934745818
XUOIQPFL,DEWLVASR,1,-0.44137224936933145
XUOIQPFL,DJBLNPNC,7,0.5666234620369003
XUOIQPFL,DNMPSKTB,1,0.6230236174759828
XUOIQPFL,FDXPMYGF,9,0.4603450417553293
XUOIQPFL,GYHKIVQT,5,0.5999587919415221
XUOIQPFL,IGDVVKUD,6,0.5411755883279098
XUOIQPFL,JPBRUTWP,5,0.6620194517721115
XUOIQPFL,KJNSOAHR,4,-0.4046844579531186
XUOIQPFL,LPHPPJUG,9,-0.47215452928879126
XUOIQPFL,LRVGFDFM,1,0.6251934353093235
XUOIQPFL,LSOIUSXD,5,0.4380416076734952
XUOIQPFL,OGAFEHLU,2,0.6832993869816186
XUOIQPFL,OKMBFVKS,3,0.5384770023458622
XUOIQPFL,OXKURKXR,2,0.5914059917538091
XUOIQPFL,QRKRBYJL,5,0.6869750432460663
XUOIQPFL,QVLMOEYE,5,0.8426103282163744
XUOIQPFL,RAWUKQMJ,4,0.570431540961806
XUOIQPFL,RCBZUSIM,5,0.43568770680110974
XUOIQPFL,SDWAYPIK,5,0.755037254472038
XUOIQPFL,UGEQLMXM,2,0.662129775844266
XUOIQPFL,UIFPPCLR,6,0.42634110672035674
XUOIQPFL,UXSPKBJR,3,0.4477553700692826
XUOIQPFL,VBYCLTYZ,3,0.6279697343590827
XUOIQPFL,VWMBASNE,6,0.5172254348189579
XUOIQPFL,WBLJNPZQ,9,0.5327654777289272
XUOIQPFL,XIIEJNEE,2,0.5377038542626317
XUOIQPFL,ZGJXVMNI,8,-0.5080418106449834
XUOIQPFL,ZKENOUDA,8,-0.47723826796585594
XUOIQPFL,ZXERAXWP,7,-0.4391306545486593
YSYHGLQK,AANGBULD,5,0.45739378480064574
YSYHGLQK,BUZIIBYG,9,0.4497390338265534
YSYHGLQK,HCDTGMST,2,0.40585645234476087
YSYHGLQK,KAGJCHMR,7,0.40807599034472647
YSYHGLQK,LPHPPJUG,5,0.4633771609899145
YSYHGLQK,NZKBIBNU,9,0.4606272495994775
YSYHGLQK,ZXERAXWP,5,0.43389774141145365
ZCELVYQU,ATLDMDBO,8,0.5293803687724339
ZCELVYQU,BJALXPFS,5,0.4424507754347885
ZCELVYQU,BLANHGYY,4,0.5842044583290833
ZCELVYQU,BSRMSVTC,9,0.46749789237995565
ZCELVYQU,CCLHWFWF,9,0.5388727329096469
ZCELVYQU,DEWLVASR,9,-0.4110210336285838
ZCELVYQU,DNMPSKTB,7,0.5264789384007691
ZCELVYQU,ELQGMQWE,2,0.45017975729478915
ZCELVYQU,FDXPMYGF,7,0.5005275824733229
ZCELVYQU,FQCLOEXA,9,-0.4671766655452674
ZCELVYQU,FWUCPMMW,4,0.555089931723727
ZCELVYQU,GYHKIVQT,9,0.4044110445048505
ZCELVYQU,HXYSSRXE,7,0.5361938966501315
ZCELVYQU,LSOIUSXD,4,0.4208923101652703
ZCELVYQU,MBSBZBXA,6,0.4248063706113673
ZCELVYQU,PYZMVUWD,9,0.40852624171716145
ZCELVYQU,QRKRBYJL,9,0.487377366817835
ZCELVYQU,UGEQLMXM,3,0.48702133329383446
ZCELVYQU,VMAQSTJE,9,0.4040239573793579
ZCELVYQU,WBLJNPZQ,7,0.441996642322079
ZCELVYQU,ZXERAXWP,2,0.46554526813312536
ZGJXVMNI,AANGBULD,3,0.5923937736027408
ZGJXVMNI,ATLDMDBO,1,-0.4868234727285559
ZGJXVMNI,BEZYMBBT,9,-0.44206123751616
ZGJXVMNI,DDEXPPXU,5,0.4131032786565413
ZGJXVMNI,DEWLVASR,9,0.7420681125396834
ZGJXVMNI,DNMPSKTB,1,-0.5832992881059058
ZGJXVMNI,ELQGMQWE,8,0.4039564438789484
ZGJXVMNI,EVBVXETX,8,0.6793966962991412
ZGJXVMNI,FITUEHWN,8,0.531968197053764
ZGJXVMNI,FQCLOEXA,9,0.5428866190056302
ZGJXVMNI,FTSVTTSR,8,0.4731177826813559
ZGJXVMNI,GYHKIVQT,8,-0.6385818235068088
ZGJXVMNI,JSLXRQOK,5,0.49844147552918283
ZGJXVMNI,KEUWZRKO,4,-0.4049190005945778
ZGJXVMNI,KJNSOAHR,8,0.6001086866848696
ZGJXVMNI,LLHREMKS,9,0.4259286437096378
ZGJXVMNI,LPHPPJUG,7,0.4556337923775586
ZGJXVMNI,NAQIHUKZ,7,0.40871037713286434
ZGJXVMNI,NZKBIBNU,9,0.5324539374133173
ZGJXVMNI,OKMBFVKS,6,-0.46154666882945583
ZGJXVMNI,QRKRBYJL,4,-0.49715875296134443
ZGJXVMNI,QVLMOEYE,8,-0.5924772154929355
ZGJXVMNI,RAWUKQMJ,6,-0.42872961459038916
ZGJXVMNI,RJGPVEXX,1,0.5702988667986272
ZGJXVMNI,SAHWCZNH,4,-0.4832973848080332
ZGJXVMNI,SDWAYPIK,4,-0.6117283814943678
ZGJXVMNI,UGEQLMXM,5,-0.5320982747850221
ZGJXVMNI,UIFPPCLR,9,-0.44745069553193245
ZGJXVMNI,UQYUIVVR,5,0.4016788871320749
ZGJXVMNI,VBYCLTYZ,7,-0.4428569868039602
ZGJXVMNI,VUAFAIYJ,3,0.4051607809120534
ZGJXVMNI,WBLJNPZQ,1,-0.42768042326773825
ZGJXVMNI,WPQXWHYO,8,0.5211726970590448
ZGJXVMNI,XIIEJNEE,8,0.4572215690125286
ZGJXVMNI,XUOIQPFL,3,-0.5317833704832133
ZGJXVMNI,ZCELVYQU,8,0.4030212636124088
ZGJXVMNI,ZKENOUDA,7,0.7754642625015445
ZGJXVMNI,ZXERAXWP,8,0.4669313188562628
ZKENOUDA,AANGBULD,1,0.5938887271380138
ZKENOUDA,APQGTRMF,4,-0.5048152412743284
ZKENOUDA,BEZYMBBT,7,-0.5441200371059363
ZKENOUDA,DEWLVASR,5,0.7990714149057249
ZKENOUDA,DNMPSKTB,1,-0.4597497293157168
ZKENOUDA,ELQGMQWE,8,0.47762675933993437
ZKENOUDA,EVBVXETX,5,0.4704384504762345
ZKENOUDA,FITUEHWN,6,0.47022068079656754
ZKENOUDA,FQCLOEXA,7,0.4463967444812944
ZKENOUDA,FTSVTTSR,6,0.5616830511958398
ZKENOUDA,GKQIJYDH,7,0.4613223345284379
ZKENOUDA,GYHKIVQT,2,-0.6256448324995794
ZKENOUDA,KJNSOAHR,9,0.6347471791811027
ZKENOUDA,LLHREMKS,8,0.5403950957098546
ZKENOUDA,NAQIHUKZ,5,0.4084694182352835
ZKENOUDA,OKMBFVKS,1,-0.5641248363583938
ZKENOUDA,QVLMOEYE,8,-0.5560479957495916
ZKENOUDA,RAWUKQMJ,8,-0.4037524195477017
ZKENOUDA,RJGPVEXX,1,0.4273356731391711
ZKENOUDA,SDWAYPIK,4,-0.5054089102756688
ZKENOUDA,UIFPPCLR,5,-0.48243450778655045
ZKENOUDA,VMAQSTJE,1,-0.4447299696100357
ZKENOUDA,VUAFAIYJ,3,0.40477234767666126
ZKENOUDA,WPQXWHYO,8,0.465653197186525
ZKENOUDA,XIIEJNEE,6,0.5330234984644775
ZKENOUDA,XUOIQPFL,3,-0.5470290065533628
ZKENOUDA,ZCELVYQU,6,0.6212295902557334
ZKENOUDA,ZGJXVMNI,2,0.44442250487972235
ZKENOUDA,ZXERAXWP,4,0.49063364405812404
ZXERAXWP,BEZYMBBT,5,-0.4969221212513744
ZXERAXWP,CCLHWFWF,5,-0.44269079878053486
ZXERAXWP,DBWLZWNK,6,-0.4701504818262512
ZXERAXWP,FITUEHWN,4,0.4063685436643864
ZXERAXWP,FTSVTTSR,7,0.4122934806809713
ZXERAXWP,GKQIJYDH,8,0.46150095916646855
ZXERAXWP,MIRCVAMV,3,-0.435495263757587
ZXERAXWP,UIFPPCLR,1,-0.5262047331739089
ZXERAXWP,WHPUAOID,6,0.5221060901452222
