leading_item_id,following_item_id,value
AANGBULD,ZCELVYQU,36084
AANGBULD,ZKENOUDA,326858
AANGBULD,DEWLVASR,312408
AANGBULD,VUAFAIYJ,536413
AANGBULD,KJNSOAHR,10883430
AANGBULD,ELQGMQWE,354596
AANGBULD,EVBVXETX,5445792
AANGBULD,LTOYKIML,284280
AANGBULD,APQGTRMF,14036
AANGBULD,ZGJXVMNI,2395114
AANGBULD,SDWAYPIK,5554913
AANGBULD,NZKBIBNU,197882
AANGBULD,RJGPVEXX,523889
AANGBULD,WPQXWHYO,10797522
AANGBULD,FQCLOEXA,1679152
AHMDUILJ,UXSPKBJR,461106
AHMDUILJ,KAGJCHMR,6338
AHMDUILJ,ATLDMDBO,34856570
AHMDUILJ,DUCMGGNW,727416
AHMDUILJ,BUZIIBYG,15970046
AHMDUILJ,LRVGFDFM,7299046
AHMDUILJ,RAWUKQMJ,3613045
AHMDUILJ,WPQXWHYO,10794772
AHMDUILJ,QRKRBYJL,2409218
AHMDUILJ,APQGTRMF,13604
AHMDUILJ,XUOIQPFL,2613285
AHMDUILJ,QVLMOEYE,1280756
AHMDUILJ,BSRMSVTC,230828
AHMDUILJ,JERHKLYW,7292
AHMDUILJ,YSYHGLQK,1332
AHMDUILJ,BTMOEMEP,9973843
AHMDUILJ,VBYCLTYZ,196385
AHMDUILJ,SAHWCZNH,1444467
AHMDUILJ,WBLJNPZQ,200756
AHMDUILJ,ROACSLMG,2134071
AHMDUILJ,KEUWZRKO,338085
AHMDUILJ,RCBZUSIM,5167
AHMDUILJ,HXYSSRXE,5209237
AHMDUILJ,JPBRUTWP,5299593
AHMDUILJ,WQMVCOEM,12776
AHMDUILJ,RJGPVEXX,523711
AHMDUILJ,IGDVVKUD,1315
AHMDUILJ,AXULOHBQ,74162
AHMDUILJ,XIFHSOWQ,70752
AHMDUILJ,SAAYMURU,37093
AHMDUILJ,CCLHWFWF,21082215
AHMDUILJ,DBWLZWNK,242137
AHMDUILJ,DEWLVASR,318635
APQGTRMF,OKMBFVKS,1805487
APQGTRMF,RCBZUSIM,5051
APQGTRMF,UIFPPCLR,74266
APQGTRMF,QRKRBYJL,2409218
APQGTRMF,QVLMOEYE,1280756
APQGTRMF,DNMPSKTB,4925865
APQGTRMF,ATLDMDBO,34865450
APQGTRMF,GYHKIVQT,19585715
APQGTRMF,WHPUAOID,9181
APQGTRMF,JPBRUTWP,5304563
APQGTRMF,VMAQSTJE,42838
APQGTRMF,BTMOEMEP,9972252
APQGTRMF,BEZYMBBT,3624521
APQGTRMF,RAWUKQMJ,3612619
APQGTRMF,DUCMGGNW,727416
APQGTRMF,HXYSSRXE,5209237
APQGTRMF,YSYHGLQK,1341
APQGTRMF,OXKURKXR,110818
APQGTRMF,WBLJNPZQ,200509
APQGTRMF,DBWLZWNK,241368
APQGTRMF,XUOIQPFL,2613285
APQGTRMF,SAHWCZNH,1436510
APQGTRMF,SDWAYPIK,5523742
APQGTRMF,KEUWZRKO,336390
APQGTRMF,BSRMSVTC,226707
APQGTRMF,QKXNTIIB,2048739
APQGTRMF,AXULOHBQ,74151
APQGTRMF,LPHPPJUG,1260085
APQGTRMF,AANGBULD,9558
APQGTRMF,ZGJXVMNI,2442347
APQGTRMF,VBYCLTYZ,196834
APQGTRMF,DEWLVASR,318540
APQGTRMF,SNHYOVBM,328673
APQGTRMF,WQMVCOEM,12944
APQGTRMF,ELQGMQWE,360783
APQGTRMF,MBSBZBXA,3805095
APQGTRMF,FRHNWLNI,974673
APQGTRMF,BJALXPFS,115394
APQGTRMF,FQCLOEXA,1727605
APQGTRMF,ZKENOUDA,329120
APQGTRMF,RJGPVEXX,525001
APQGTRMF,UGEQLMXM,138223
APQGTRMF,ROACSLMG,2135238
APQGTRMF,EVBVXETX,5468900
APQGTRMF,WPQXWHYO,10800489
APQGTRMF,STZDBITS,14775205
ATLDMDBO,QRKRBYJL,2403885
ATLDMDBO,DNMPSKTB,4918366
ATLDMDBO,QVLMOEYE,1275761
ATLDMDBO,GYHKIVQT,19478362
ATLDMDBO,VBYCLTYZ,196316
ATLDMDBO,BTMOEMEP,9976384
ATLDMDBO,AXULOHBQ,74525
ATLDMDBO,SDWAYPIK,5529526
ATLDMDBO,RAWUKQMJ,3612872
ATLDMDBO,JPBRUTWP,5300442
ATLDMDBO,OXKURKXR,110277
ATLDMDBO,LRVGFDFM,7319827
ATLDMDBO,XUOIQPFL,2611531
ATLDMDBO,RCBZUSIM,5043
ATLDMDBO,UGEQLMXM,137428
ATLDMDBO,HXYSSRXE,5216787
ATLDMDBO,DBWLZWNK,240542
ATLDMDBO,IGDVVKUD,1315
ATLDMDBO,APQGTRMF,13588
ATLDMDBO,UXSPKBJR,460888
ATLDMDBO,OKMBFVKS,1804275
ATLDMDBO,WBLJNPZQ,200277
ATLDMDBO,VMAQSTJE,42893
ATLDMDBO,KEUWZRKO,336392
ATLDMDBO,BJALXPFS,115474
ATLDMDBO,UIFPPCLR,74223
ATLDMDBO,BEZYMBBT,3624415
ATLDMDBO,WPQXWHYO,10825087
ATLDMDBO,WQMVCOEM,12786
ATLDMDBO,LUENUFGA,3308525
ATLDMDBO,BSRMSVTC,226566
ATLDMDBO,SAHWCZNH,1436102
ATLDMDBO,XIPPENFQ,88996
ATLDMDBO,JBVHSUWY,279598
ATLDMDBO,FRHNWLNI,975045
ATLDMDBO,VWMBASNE,145576
ATLDMDBO,NZKBIBNU,198923
ATLDMDBO,KJNSOAHR,10982684
ATLDMDBO,RJGPVEXX,531924
ATLDMDBO,ZXERAXWP,14769
AXULOHBQ,XIFHSOWQ,68927
AXULOHBQ,LUENUFGA,3295304
AXULOHBQ,KEUWZRKO,334858
AXULOHBQ,SAHWCZNH,1437001
AXULOHBQ,BSRMSVTC,225842
AXULOHBQ,FDXPMYGF,2357
AXULOHBQ,PYZMVUWD,1443
AXULOHBQ,RJGPVEXX,531954
AXULOHBQ,NZKBIBNU,198923
AXULOHBQ,VMAQSTJE,42795
AXULOHBQ,VWMBASNE,145157
AXULOHBQ,EVBVXETX,5469208
AXULOHBQ,WPQXWHYO,10821849
AXULOHBQ,BJALXPFS,115519
AXULOHBQ,FQCLOEXA,1727605
AXULOHBQ,ZGJXVMNI,2442347
AXULOHBQ,UXSPKBJR,469275
AXULOHBQ,HXYSSRXE,5209237
AXULOHBQ,DNMPSKTB,4925865
AXULOHBQ,XUOIQPFL,2613285
AXULOHBQ,LPHPPJUG,1260085
AXULOHBQ,ATLDMDBO,35068535
AXULOHBQ,VUAFAIYJ,553418
AXULOHBQ,QJQJSWFU,110971
AXULOHBQ,HCDTGMST,19895
AXULOHBQ,GYHKIVQT,19600505
AXULOHBQ,WBLJNPZQ,200528
AXULOHBQ,ZKENOUDA,334314
AXULOHBQ,OKMBFVKS,1805487
AXULOHBQ,RCBZUSIM,5293
AXULOHBQ,WQMVCOEM,12753
AXULOHBQ,SDWAYPIK,5523742
AXULOHBQ,KJNSOAHR,10982061
AXULOHBQ,STZDBITS,14775710
AXULOHBQ,WHPUAOID,9288
AXULOHBQ,RAWUKQMJ,3672742
AXULOHBQ,UGEQLMXM,138759
BEZYMBBT,HXYSSRXE,5216787
BEZYMBBT,ELQGMQWE,360762
BEZYMBBT,FQCLOEXA,1727605
BEZYMBBT,GYHKIVQT,19486714
BEZYMBBT,DBWLZWNK,241062
BEZYMBBT,RAWUKQMJ,3612872
BEZYMBBT,OKMBFVKS,1804275
BEZYMBBT,APQGTRMF,13596
BEZYMBBT,SDWAYPIK,5527699
BEZYMBBT,RJGPVEXX,531954
BEZYMBBT,QRKRBYJL,2404617
BEZYMBBT,XMKRPGLB,727123
BEZYMBBT,WBLJNPZQ,200296
BEZYMBBT,RCBZUSIM,5035
BEZYMBBT,ATLDMDBO,34848975
BEZYMBBT,KEUWZRKO,336392
BEZYMBBT,LPHPPJUG,1260085
BEZYMBBT,JPBRUTWP,5300442
BEZYMBBT,OXKURKXR,110718
BEZYMBBT,YSYHGLQK,1332
BEZYMBBT,UIFPPCLR,74223
BEZYMBBT,KJNSOAHR,10982684
BEZYMBBT,STZDBITS,14772658
BEZYMBBT,BTMOEMEP,9977975
BEZYMBBT,QJQJSWFU,111307
BEZYMBBT,DEWLVASR,318635
BEZYMBBT,DNMPSKTB,4918650
BEZYMBBT,FITUEHWN,79149
BEZYMBBT,XUOIQPFL,2611531
BEZYMBBT,QVLMOEYE,1279683
BEZYMBBT,ZGJXVMNI,2442347
BEZYMBBT,VBYCLTYZ,196316
BEZYMBBT,AXULOHBQ,74798
BEZYMBBT,WQMVCOEM,12768
BEZYMBBT,UXSPKBJR,464569
BEZYMBBT,WPQXWHYO,10824473
BEZYMBBT,WHPUAOID,9165
BEZYMBBT,ZXERAXWP,14769
BEZYMBBT,ZCELVYQU,36554
BEZYMBBT,VMAQSTJE,42969
BJALXPFS,DNMPSKTB,4925458
BJALXPFS,QRKRBYJL,2408285
BJALXPFS,SDWAYPIK,5527604
BJALXPFS,RJGPVEXX,531954
BJALXPFS,RCBZUSIM,5047
BJALXPFS,GYHKIVQT,19580727
BJALXPFS,VMAQSTJE,42821
BJALXPFS,UIFPPCLR,74217
BJALXPFS,UGEQLMXM,137922
BJALXPFS,KEUWZRKO,336563
BJALXPFS,SNHYOVBM,327343
BJALXPFS,VWMBASNE,145417
BJALXPFS,AXULOHBQ,74764
BJALXPFS,QVLMOEYE,1280449
BJALXPFS,WBLJNPZQ,200528
BJALXPFS,FITUEHWN,79156
BJALXPFS,QJQJSWFU,110982
BJALXPFS,XUOIQPFL,2613285
BJALXPFS,ATLDMDBO,34868386
BJALXPFS,LTOYKIML,287322
BJALXPFS,EVBVXETX,5467571
BJALXPFS,HXYSSRXE,5215190
BJALXPFS,BSRMSVTC,226600
BJALXPFS,RAWUKQMJ,3613053
BJALXPFS,OKMBFVKS,1804788
BJALXPFS,ZGJXVMNI,2442089
BJALXPFS,BTMOEMEP,9973223
BJALXPFS,VBYCLTYZ,196535
BJALXPFS,XIFHSOWQ,69290
BJALXPFS,MBSBZBXA,3809697
BJALXPFS,ZKENOUDA,334414
BJALXPFS,FQCLOEXA,1726431
BJALXPFS,WQMVCOEM,12753
BJALXPFS,ZXERAXWP,14769
BJALXPFS,SAAYMURU,36585
BJALXPFS,KJNSOAHR,10968793
BLANHGYY,FDXPMYGF,2302
BLANHGYY,KEUWZRKO,334822
BLANHGYY,SAHWCZNH,1437738
BLANHGYY,AXULOHBQ,74144
BLANHGYY,LUENUFGA,3295064
BLANHGYY,WPQXWHYO,10801102
BLANHGYY,WBLJNPZQ,200509
BLANHGYY,HXYSSRXE,5209237
BLANHGYY,PYZMVUWD,1447
BLANHGYY,BJALXPFS,115530
BLANHGYY,EVBVXETX,5450366
BLANHGYY,JPBRUTWP,5304563
BLANHGYY,FQCLOEXA,1682770
BLANHGYY,XUOIQPFL,2613285
BLANHGYY,DNMPSKTB,4925865
BLANHGYY,LRVGFDFM,7301226
BLANHGYY,RJGPVEXX,525001
BLANHGYY,RAWUKQMJ,3612619
BLANHGYY,OKMBFVKS,1808842
BSRMSVTC,VMAQSTJE,42771
BSRMSVTC,XIFHSOWQ,69032
BSRMSVTC,VWMBASNE,145059
BSRMSVTC,KEUWZRKO,335082
BSRMSVTC,FITUEHWN,78137
BSRMSVTC,ROACSLMG,2141453
BSRMSVTC,LUENUFGA,3294410
BSRMSVTC,WPQXWHYO,10825087
BSRMSVTC,HCDTGMST,19880
BSRMSVTC,XIPPENFQ,88425
BSRMSVTC,XUOIQPFL,2612273
BSRMSVTC,JPBRUTWP,5299593
BSRMSVTC,LSOIUSXD,95203
BSRMSVTC,PYZMVUWD,1445
BSRMSVTC,JBVHSUWY,279810
BSRMSVTC,EVBVXETX,5469208
BSRMSVTC,BEZYMBBT,3625639
BSRMSVTC,STZDBITS,14773353
BSRMSVTC,UIFPPCLR,74266
BSRMSVTC,RJGPVEXX,531954
BSRMSVTC,DNMPSKTB,4924636
BSRMSVTC,OKMBFVKS,1807118
BSRMSVTC,NZKBIBNU,198902
BSRMSVTC,BUZIIBYG,16030892
BSRMSVTC,MBSBZBXA,3809697
BSRMSVTC,ZGJXVMNI,2442089
BSRMSVTC,JERHKLYW,7070
BSRMSVTC,WBLJNPZQ,200442
BSRMSVTC,ZKENOUDA,334408
BSRMSVTC,OXKURKXR,111367
BSRMSVTC,QJQJSWFU,110970
BSRMSVTC,AHMDUILJ,107432
BSRMSVTC,SAHWCZNH,1436510
BSRMSVTC,GYHKIVQT,19595513
BTMOEMEP,ATLDMDBO,34848975
BTMOEMEP,QRKRBYJL,2403460
BTMOEMEP,QVLMOEYE,1275761
BTMOEMEP,HXYSSRXE,5218023
BTMOEMEP,SDWAYPIK,5527699
BTMOEMEP,RCBZUSIM,5022
BTMOEMEP,UGEQLMXM,137752
BTMOEMEP,XUOIQPFL,2611531
BTMOEMEP,VBYCLTYZ,196316
BTMOEMEP,RAWUKQMJ,3612872
BTMOEMEP,DNMPSKTB,4918650
BTMOEMEP,AXULOHBQ,74598
BTMOEMEP,GYHKIVQT,19479496
BTMOEMEP,IGDVVKUD,1305
BTMOEMEP,JPBRUTWP,5300442
BTMOEMEP,WQMVCOEM,12807
BTMOEMEP,BJALXPFS,115463
BTMOEMEP,UXSPKBJR,460888
BTMOEMEP,DBWLZWNK,241062
BTMOEMEP,OKMBFVKS,1804275
BTMOEMEP,LRVGFDFM,7319827
BTMOEMEP,BSRMSVTC,226566
BTMOEMEP,JBVHSUWY,279442
BTMOEMEP,WBLJNPZQ,200296
BTMOEMEP,FRHNWLNI,971659
BTMOEMEP,OGAFEHLU,225
BTMOEMEP,OXKURKXR,110707
BTMOEMEP,APQGTRMF,13588
BTMOEMEP,BEZYMBBT,3624415
BTMOEMEP,UIFPPCLR,74223
BTMOEMEP,ROACSLMG,2133306
BTMOEMEP,RJGPVEXX,531924
BTMOEMEP,BUZIIBYG,15979042
BTMOEMEP,KJNSOAHR,10982061
BTMOEMEP,DEWLVASR,318653
BTMOEMEP,ELQGMQWE,360762
BTMOEMEP,FQCLOEXA,1727605
BUZIIBYG,RCBZUSIM,5030
BUZIIBYG,FDXPMYGF,2344
BUZIIBYG,BTMOEMEP,9976384
BUZIIBYG,FRHNWLNI,971659
BUZIIBYG,SAHWCZNH,1444620
BUZIIBYG,UXSPKBJR,460888
BUZIIBYG,RJGPVEXX,523359
BUZIIBYG,BSRMSVTC,226566
BUZIIBYG,HXYSSRXE,5216787
BUZIIBYG,PYZMVUWD,1449
BUZIIBYG,WPQXWHYO,10791375
BUZIIBYG,KEUWZRKO,338085
BUZIIBYG,BJALXPFS,117059
BUZIIBYG,ZXERAXWP,14344
BUZIIBYG,WQMVCOEM,12763
BUZIIBYG,WHPUAOID,9183
BUZIIBYG,XMKRPGLB,727024
BUZIIBYG,JSLXRQOK,2342
BUZIIBYG,WBLJNPZQ,200296
BUZIIBYG,SNHYOVBM,330770
BUZIIBYG,KJNSOAHR,10880006
BUZIIBYG,ATLDMDBO,34599898
BUZIIBYG,EVBVXETX,5449594
BUZIIBYG,LUENUFGA,3308525
BUZIIBYG,QRKRBYJL,2408221
BUZIIBYG,LRVGFDFM,7325358
BUZIIBYG,CCLHWFWF,21055028
BUZIIBYG,UGEQLMXM,141890
BUZIIBYG,OJIFIHMZ,2088891
CCLHWFWF,WBLJNPZQ,199503
CCLHWFWF,VUAFAIYJ,525082
CCLHWFWF,LSOIUSXD,90599
CCLHWFWF,VWMBASNE,145187
CCLHWFWF,OGAFEHLU,225
CCLHWFWF,FCYBOAXC,99006029
CCLHWFWF,LRVGFDFM,7319827
CCLHWFWF,DBWLZWNK,241062
CCLHWFWF,LTOYKIML,284282
CCLHWFWF,FQCLOEXA,1678674
CCLHWFWF,DUCMGGNW,738693
CCLHWFWF,ZXERAXWP,14770
CCLHWFWF,JSLXRQOK,2382
CCLHWFWF,WHPUAOID,9173
CCLHWFWF,FITUEHWN,78275
CCLHWFWF,YSYHGLQK,1332
CCLHWFWF,ZCELVYQU,34954
CCLHWFWF,NZKBIBNU,198053
CCLHWFWF,VBYCLTYZ,196316
CCLHWFWF,JPBRUTWP,5301078
CCLHWFWF,HCDTGMST,18783
CCLHWFWF,UGEQLMXM,137829
CCLHWFWF,ATLDMDBO,34599898
CCLHWFWF,QVLMOEYE,1279683
CCLHWFWF,AHMDUILJ,107421
CCLHWFWF,JBVHSUWY,279417
CCLHWFWF,QKXNTIIB,2048705
CCLHWFWF,ELQGMQWE,360762
CCLHWFWF,XUOIQPFL,2613432
CCLHWFWF,XIPPENFQ,88314
DBWLZWNK,QVLMOEYE,1277287
DBWLZWNK,APQGTRMF,13596
DBWLZWNK,RCBZUSIM,5015
DBWLZWNK,FDXPMYGF,2345
DBWLZWNK,HXYSSRXE,5208895
DBWLZWNK,AXULOHBQ,74581
DBWLZWNK,BTMOEMEP,9971632
DBWLZWNK,LRVGFDFM,7301226
DBWLZWNK,VBYCLTYZ,196469
DBWLZWNK,GYHKIVQT,19580727
DBWLZWNK,QRKRBYJL,2408285
DBWLZWNK,UXSPKBJR,461106
DBWLZWNK,JPBRUTWP,5299593
DBWLZWNK,IGDVVKUD,1318
DBWLZWNK,FRHNWLNI,971613
DBWLZWNK,ATLDMDBO,34856570
DBWLZWNK,CCLHWFWF,21032709
DBWLZWNK,WHPUAOID,9177
DBWLZWNK,WBLJNPZQ,200423
DBWLZWNK,DNMPSKTB,4921249
DBWLZWNK,OKMBFVKS,1805487
DBWLZWNK,LLHREMKS,48645
DBWLZWNK,BJALXPFS,115486
DBWLZWNK,OXKURKXR,110770
DBWLZWNK,ELQGMQWE,360762
DBWLZWNK,JBVHSUWY,279810
DBWLZWNK,LSOIUSXD,95203
DBWLZWNK,NZKBIBNU,197921
DBWLZWNK,BEZYMBBT,3627016
DBWLZWNK,ROACSLMG,2134813
DBWLZWNK,SDWAYPIK,5534066
DBWLZWNK,DUCMGGNW,727134
DBWLZWNK,JSLXRQOK,2338
DBWLZWNK,VWMBASNE,145767
DBWLZWNK,XUOIQPFL,2612273
DBWLZWNK,LPHPPJUG,1260014
DBWLZWNK,BSRMSVTC,226600
DBWLZWNK,WQMVCOEM,12815
DBWLZWNK,ZGJXVMNI,2442347
DBWLZWNK,ZXERAXWP,14769
DBWLZWNK,RAWUKQMJ,3613045
DBWLZWNK,UIFPPCLR,74379
DBWLZWNK,ZKENOUDA,334414
DBWLZWNK,YSYHGLQK,1332
DBWLZWNK,DEWLVASR,318635
DBWLZWNK,FQCLOEXA,1726947
DBWLZWNK,AHMDUILJ,108021
DBWLZWNK,RJGPVEXX,531924
DDEXPPXU,GKQIJYDH,7264059
DDEXPPXU,NZKBIBNU,198053
DDEXPPXU,JERHKLYW,7064
DDEXPPXU,OJIFIHMZ,2082589
DDEXPPXU,ZXERAXWP,14350
DDEXPPXU,DEWLVASR,312422
DDEXPPXU,BEZYMBBT,3670853
DDEXPPXU,VBYCLTYZ,197343
DDEXPPXU,ZKENOUDA,328209
DDEXPPXU,FRHNWLNI,972362
DDEXPPXU,EVBVXETX,5449495
DDEXPPXU,JSLXRQOK,2346
DDEXPPXU,FTSVTTSR,128361
DDEXPPXU,BJALXPFS,116618
DDEXPPXU,APQGTRMF,14018
DDEXPPXU,OKMBFVKS,1818761
DDEXPPXU,QJQJSWFU,111317
DDEXPPXU,VMAQSTJE,43067
DDEXPPXU,KJNSOAHR,10890342
DEWLVASR,ZKENOUDA,326784
DEWLVASR,ZXERAXWP,14269
DEWLVASR,KJNSOAHR,10883430
DEWLVASR,APQGTRMF,14036
DEWLVASR,ELQGMQWE,354596
DEWLVASR,OKMBFVKS,1819311
DEWLVASR,WPQXWHYO,10794772
DEWLVASR,ZCELVYQU,36196
DEWLVASR,VMAQSTJE,43313
DEWLVASR,BEZYMBBT,3671953
DEWLVASR,AANGBULD,9201
DEWLVASR,ZGJXVMNI,2395114
DEWLVASR,DNMPSKTB,4965532
DEWLVASR,FTSVTTSR,128312
DEWLVASR,IGDVVKUD,1317
DEWLVASR,JPBRUTWP,5321059
DEWLVASR,UIFPPCLR,74945
DEWLVASR,LSOIUSXD,95203
DEWLVASR,RAWUKQMJ,3672948
DEWLVASR,LUENUFGA,3308525
DEWLVASR,XUOIQPFL,2638855
DEWLVASR,JBVHSUWY,283681
DEWLVASR,EVBVXETX,5445112
DEWLVASR,VWMBASNE,145108
DEWLVASR,QJQJSWFU,112146
DEWLVASR,DBWLZWNK,247874
DEWLVASR,FQCLOEXA,1679152
DEWLVASR,BTMOEMEP,9993629
DEWLVASR,FCYBOAXC,99077531
DEWLVASR,OJIFIHMZ,2080900
DEWLVASR,DUCMGGNW,738691
DEWLVASR,UQYUIVVR,3060652
DEWLVASR,LTOYKIML,282843
DEWLVASR,MBSBZBXA,3783593
DEWLVASR,WBLJNPZQ,203843
DEWLVASR,STZDBITS,14921322
DJBLNPNC,WHPUAOID,9161
DJBLNPNC,JPBRUTWP,5304320
DJBLNPNC,AXULOHBQ,74144
DJBLNPNC,WBLJNPZQ,200509
DJBLNPNC,LSOIUSXD,95256
DJBLNPNC,KEUWZRKO,336255
DJBLNPNC,LUENUFGA,3295064
DNMPSKTB,QVLMOEYE,1275761
DNMPSKTB,QRKRBYJL,2403885
DNMPSKTB,OGAFEHLU,233
DNMPSKTB,SDWAYPIK,5529526
DNMPSKTB,GYHKIVQT,19478362
DNMPSKTB,OKMBFVKS,1804489
DNMPSKTB,UGEQLMXM,137397
DNMPSKTB,XUOIQPFL,2611531
DNMPSKTB,ATLDMDBO,34848975
DNMPSKTB,JPBRUTWP,5300442
DNMPSKTB,LRVGFDFM,7319827
DNMPSKTB,VBYCLTYZ,196316
DNMPSKTB,ZGJXVMNI,2442347
DNMPSKTB,AXULOHBQ,74598
DNMPSKTB,RAWUKQMJ,3612872
DNMPSKTB,VWMBASNE,145220
DNMPSKTB,EVBVXETX,5469208
DNMPSKTB,OXKURKXR,110707
DNMPSKTB,RCBZUSIM,5043
DNMPSKTB,RJGPVEXX,531954
DNMPSKTB,HXYSSRXE,5216787
DNMPSKTB,APQGTRMF,13596
DNMPSKTB,DBWLZWNK,241085
DNMPSKTB,UIFPPCLR,74182
DNMPSKTB,IGDVVKUD,1315
DNMPSKTB,QJQJSWFU,111078
DNMPSKTB,AANGBULD,9799
DNMPSKTB,WPQXWHYO,10825087
DNMPSKTB,FQCLOEXA,1727605
DNMPSKTB,BEZYMBBT,3624415
DNMPSKTB,WBLJNPZQ,200296
DNMPSKTB,XIFHSOWQ,69249
DNMPSKTB,FITUEHWN,79156
DNMPSKTB,BJALXPFS,115474
DNMPSKTB,PYZMVUWD,1468
DNMPSKTB,VMAQSTJE,42783
DNMPSKTB,KJNSOAHR,10982684
DNMPSKTB,BTMOEMEP,9976384
DNMPSKTB,JBVHSUWY,279598
DNMPSKTB,MBSBZBXA,3809697
DNMPSKTB,LSOIUSXD,90707
DNMPSKTB,BSRMSVTC,226566
DNMPSKTB,UQYUIVVR,3085753
DNMPSKTB,SAHWCZNH,1436102
DNMPSKTB,DDEXPPXU,20720
DNMPSKTB,NZKBIBNU,198902
DUCMGGNW,UXSPKBJR,460888
DUCMGGNW,KEUWZRKO,336565
DUCMGGNW,BUZIIBYG,16030892
DUCMGGNW,HXYSSRXE,5212480
DUCMGGNW,JSLXRQOK,2416
DUCMGGNW,RAWUKQMJ,3613306
DUCMGGNW,RJGPVEXX,531954
DUCMGGNW,FRHNWLNI,1001484
DUCMGGNW,VMAQSTJE,42783
DUCMGGNW,LSOIUSXD,90690
DUCMGGNW,DEWLVASR,318635
DUCMGGNW,RCBZUSIM,5122
DUCMGGNW,SAHWCZNH,1436959
DUCMGGNW,UGEQLMXM,138118
DUCMGGNW,FCYBOAXC,99145728
DUCMGGNW,WPQXWHYO,10824473
DUCMGGNW,CCLHWFWF,21082215
DUCMGGNW,GYHKIVQT,19620928
DUCMGGNW,JPBRUTWP,5299593
ELQGMQWE,AANGBULD,9201
ELQGMQWE,OKMBFVKS,1819311
ELQGMQWE,ZCELVYQU,36066
ELQGMQWE,FQCLOEXA,1679152
ELQGMQWE,ZKENOUDA,327563
ELQGMQWE,LLHREMKS,48265
ELQGMQWE,KJNSOAHR,10883430
ELQGMQWE,FTSVTTSR,128299
ELQGMQWE,UIFPPCLR,74945
ELQGMQWE,WBLJNPZQ,203855
ELQGMQWE,JSLXRQOK,2363
ELQGMQWE,HXYSSRXE,5245911
ELQGMQWE,FITUEHWN,78145
ELQGMQWE,BUZIIBYG,15970046
ELQGMQWE,BEZYMBBT,3671953
ELQGMQWE,XUOIQPFL,2638855
ELQGMQWE,GKQIJYDH,7263608
ELQGMQWE,DEWLVASR,312301
ELQGMQWE,KEUWZRKO,338112
ELQGMQWE,ZXERAXWP,14347
ELQGMQWE,CCLHWFWF,21082215
ELQGMQWE,OXKURKXR,113016
ELQGMQWE,RJGPVEXX,523889
ELQGMQWE,DBWLZWNK,247874
ELQGMQWE,ZGJXVMNI,2391847
ELQGMQWE,APQGTRMF,14036
ELQGMQWE,NZKBIBNU,197843
ELQGMQWE,YSYHGLQK,1335
ELQGMQWE,JERHKLYW,7292
ELQGMQWE,KAGJCHMR,6331
ELQGMQWE,XMKRPGLB,727024
ELQGMQWE,STZDBITS,14769590
ELQGMQWE,WPQXWHYO,10797625
ELQGMQWE,SAHWCZNH,1444467
EVBVXETX,WPQXWHYO,10791375
EVBVXETX,SAHWCZNH,1444620
EVBVXETX,FRHNWLNI,970985
EVBVXETX,KJNSOAHR,10880006
EVBVXETX,HXYSSRXE,5216787
EVBVXETX,LUENUFGA,3308971
EVBVXETX,KEUWZRKO,338112
EVBVXETX,ATLDMDBO,34848975
EVBVXETX,XIFHSOWQ,70752
EVBVXETX,IGDVVKUD,1315
EVBVXETX,NZKBIBNU,198185
EVBVXETX,FQCLOEXA,1678674
EVBVXETX,FDXPMYGF,2349
EVBVXETX,ZCELVYQU,34931
EVBVXETX,XIPPENFQ,88961
EVBVXETX,DNMPSKTB,4918650
EVBVXETX,MIRCVAMV,12003
EVBVXETX,AXULOHBQ,74791
EVBVXETX,BJALXPFS,115474
EVBVXETX,RCBZUSIM,5043
EVBVXETX,QRKRBYJL,2404617
EVBVXETX,ZGJXVMNI,2442347
EVBVXETX,UGEQLMXM,137829
EVBVXETX,BUZIIBYG,15970328
EVBVXETX,UXSPKBJR,460888
EVBVXETX,JSLXRQOK,2338
EVBVXETX,QVLMOEYE,1281685
EVBVXETX,BTMOEMEP,9976384
EVBVXETX,VBYCLTYZ,196316
EVBVXETX,WQMVCOEM,12758
EVBVXETX,DUCMGGNW,729801
EVBVXETX,JPBRUTWP,5301078
EVBVXETX,BSRMSVTC,226512
EVBVXETX,LPHPPJUG,1260014
EVBVXETX,VMAQSTJE,43002
FCYBOAXC,VUAFAIYJ,525082
FCYBOAXC,QKXNTIIB,1190528
FCYBOAXC,WBLJNPZQ,200277
FCYBOAXC,CCLHWFWF,21033080
FCYBOAXC,QRKRBYJL,2404617
FCYBOAXC,FRHNWLNI,971659
FCYBOAXC,UQYUIVVR,3086062
FCYBOAXC,LUENUFGA,3308525
FCYBOAXC,VWMBASNE,145685
FCYBOAXC,LSOIUSXD,93005
FCYBOAXC,LRVGFDFM,7319827
FCYBOAXC,ATLDMDBO,34588069
FCYBOAXC,DUCMGGNW,728243
FCYBOAXC,BTMOEMEP,9976384
FCYBOAXC,JERHKLYW,7292
FCYBOAXC,HXYSSRXE,5216787
FCYBOAXC,ZXERAXWP,14344
FCYBOAXC,FQCLOEXA,1726947
FCYBOAXC,YSYHGLQK,1337
FCYBOAXC,BSRMSVTC,226266
FCYBOAXC,XUOIQPFL,2614989
FCYBOAXC,RAWUKQMJ,3618111
FCYBOAXC,AHMDUILJ,109138
FCYBOAXC,JSLXRQOK,2416
FDXPMYGF,LUENUFGA,3295304
FDXPMYGF,VWMBASNE,145156
FDXPMYGF,XIFHSOWQ,68986
FDXPMYGF,HXYSSRXE,5209237
FDXPMYGF,WQMVCOEM,12977
FDXPMYGF,DUCMGGNW,727416
FDXPMYGF,KEUWZRKO,336428
FDXPMYGF,WBLJNPZQ,200528
FDXPMYGF,SAHWCZNH,1437067
FDXPMYGF,WPQXWHYO,10801102
FDXPMYGF,CCLHWFWF,21038067
FDXPMYGF,EVBVXETX,5452362
FDXPMYGF,DNMPSKTB,4929255
FDXPMYGF,FQCLOEXA,1682304
FDXPMYGF,JPBRUTWP,5304563
FDXPMYGF,LSOIUSXD,95256
FDXPMYGF,XIPPENFQ,88462
FDXPMYGF,BJALXPFS,115394
FDXPMYGF,RAWUKQMJ,3617858
FITUEHWN,WBLJNPZQ,199838
FITUEHWN,SAAYMURU,36438
FITUEHWN,STZDBITS,14773353
FITUEHWN,KJNSOAHR,10886203
FITUEHWN,RCBZUSIM,5167
FITUEHWN,LSOIUSXD,95709
FITUEHWN,UGEQLMXM,137999
FITUEHWN,BEZYMBBT,3670594
FITUEHWN,AXULOHBQ,74303
FITUEHWN,ZCELVYQU,36269
FITUEHWN,MBSBZBXA,3782141
FITUEHWN,XUOIQPFL,2613285
FITUEHWN,ATLDMDBO,34856570
FITUEHWN,XMKRPGLB,693895
FITUEHWN,LUENUFGA,3308525
FITUEHWN,BTMOEMEP,9972467
FQCLOEXA,EVBVXETX,5445891
FQCLOEXA,SAHWCZNH,1444620
FQCLOEXA,FITUEHWN,78141
FQCLOEXA,WPQXWHYO,10791375
FQCLOEXA,BSRMSVTC,230958
FQCLOEXA,AXULOHBQ,75890
FQCLOEXA,DEWLVASR,312212
FQCLOEXA,ZXERAXWP,14288
FQCLOEXA,XIFHSOWQ,70752
FQCLOEXA,NZKBIBNU,198185
FQCLOEXA,IGDVVKUD,1316
FQCLOEXA,KJNSOAHR,10880006
FQCLOEXA,PYZMVUWD,1518
FQCLOEXA,ZKENOUDA,327594
FQCLOEXA,ZCELVYQU,34931
FQCLOEXA,FRHNWLNI,971659
FQCLOEXA,XIPPENFQ,88961
FQCLOEXA,QJQJSWFU,112170
FQCLOEXA,LUENUFGA,3308971
FQCLOEXA,KEUWZRKO,338112
FQCLOEXA,FDXPMYGF,2349
FQCLOEXA,HXYSSRXE,5216787
FQCLOEXA,LLHREMKS,48637
FQCLOEXA,AANGBULD,9208
FQCLOEXA,SNHYOVBM,327188
FQCLOEXA,UIFPPCLR,74945
FQCLOEXA,UXSPKBJR,464606
FQCLOEXA,YSYHGLQK,1336
FQCLOEXA,WQMVCOEM,12791
FQCLOEXA,TGOELCAG,119286
FQCLOEXA,JSLXRQOK,2338
FQCLOEXA,VBYCLTYZ,196467
FQCLOEXA,KAGJCHMR,6329
FQCLOEXA,DUCMGGNW,728450
FQCLOEXA,SAAYMURU,36466
FQCLOEXA,MBSBZBXA,3782990
FQCLOEXA,AHMDUILJ,109162
FQCLOEXA,VMAQSTJE,43247
FQCLOEXA,LSOIUSXD,93005
FQCLOEXA,ATLDMDBO,34854751
FQCLOEXA,APQGTRMF,14033
FQCLOEXA,OKMBFVKS,1819305
FQCLOEXA,QRKRBYJL,2412179
FRHNWLNI,QRKRBYJL,2404617
FRHNWLNI,ATLDMDBO,34858248
FRHNWLNI,RCBZUSIM,5030
FRHNWLNI,UGEQLMXM,137428
FRHNWLNI,DNMPSKTB,4918650
FRHNWLNI,DUCMGGNW,726927
FRHNWLNI,LPHPPJUG,1260085
FRHNWLNI,HXYSSRXE,5208895
FRHNWLNI,VBYCLTYZ,196385
FRHNWLNI,LUENUFGA,3308971
FRHNWLNI,XIPPENFQ,88961
FRHNWLNI,AXULOHBQ,74791
FRHNWLNI,UIFPPCLR,74258
FRHNWLNI,LSOIUSXD,90690
FRHNWLNI,RAWUKQMJ,3612872
FRHNWLNI,UXSPKBJR,460888
FRHNWLNI,ZGJXVMNI,2442089
FRHNWLNI,ZCELVYQU,36252
FRHNWLNI,JPBRUTWP,5300442
FRHNWLNI,LRVGFDFM,7299046
FRHNWLNI,BSRMSVTC,226600
FRHNWLNI,SAHWCZNH,1436510
FRHNWLNI,GYHKIVQT,19595513
FRHNWLNI,BTMOEMEP,9983199
FRHNWLNI,QVLMOEYE,1280449
FRHNWLNI,BJALXPFS,115486
FRHNWLNI,QJQJSWFU,111144
FRHNWLNI,WBLJNPZQ,201229
FRHNWLNI,WQMVCOEM,12767
FRHNWLNI,EVBVXETX,5469208
FRHNWLNI,XUOIQPFL,2616930
FRHNWLNI,DDEXPPXU,20720
FRHNWLNI,DEWLVASR,318635
FRHNWLNI,SDWAYPIK,5534066
FRHNWLNI,RJGPVEXX,531924
FRHNWLNI,NZKBIBNU,198902
FRHNWLNI,ZKENOUDA,334408
FTSVTTSR,LLHREMKS,48259
FTSVTTSR,SAAYMURU,36321
FTSVTTSR,ZXERAXWP,14267
FTSVTTSR,ZCELVYQU,36034
FTSVTTSR,ELQGMQWE,354596
FTSVTTSR,TGOELCAG,108377
FTSVTTSR,STZDBITS,14769590
FTSVTTSR,SNHYOVBM,327343
FTSVTTSR,DEWLVASR,312301
FTSVTTSR,GKQIJYDH,7263608
FTSVTTSR,YSYHGLQK,1320
FTSVTTSR,VBYCLTYZ,196316
FTSVTTSR,MBSBZBXA,3782990
FTSVTTSR,LSOIUSXD,90690
FTSVTTSR,FQCLOEXA,1679152
FTSVTTSR,BEZYMBBT,3671953
FTSVTTSR,AANGBULD,9198
FTSVTTSR,ZKENOUDA,328068
FTSVTTSR,UGEQLMXM,137894
FTSVTTSR,DBWLZWNK,241233
FTSVTTSR,QKXNTIIB,2049287
FTSVTTSR,OKMBFVKS,1819305
FTSVTTSR,AXULOHBQ,74151
FTSVTTSR,KJNSOAHR,10880006
FTSVTTSR,UQYUIVVR,3081961
GKQIJYDH,ZXERAXWP,14288
GKQIJYDH,YSYHGLQK,1323
GKQIJYDH,BSRMSVTC,226566
GKQIJYDH,XMKRPGLB,727123
GKQIJYDH,ZCELVYQU,34895
GKQIJYDH,LLHREMKS,48637
GKQIJYDH,ELQGMQWE,353688
GKQIJYDH,DBWLZWNK,247874
GKQIJYDH,UQYUIVVR,3066033
GKQIJYDH,APQGTRMF,13596
GKQIJYDH,DDEXPPXU,20720
GKQIJYDH,LPHPPJUG,1260014
GKQIJYDH,AHMDUILJ,109138
GKQIJYDH,MBSBZBXA,3782516
GKQIJYDH,ROACSLMG,2134012
GKQIJYDH,BEZYMBBT,3671692
GKQIJYDH,KJNSOAHR,10982061
GYHKIVQT,DNMPSKTB,4918650
GYHKIVQT,EVBVXETX,5469208
GYHKIVQT,ZGJXVMNI,2442347
GYHKIVQT,ZKENOUDA,334414
GYHKIVQT,HXYSSRXE,5216787
GYHKIVQT,AXULOHBQ,74615
GYHKIVQT,SDWAYPIK,5527699
GYHKIVQT,BEZYMBBT,3624415
GYHKIVQT,QRKRBYJL,2404617
GYHKIVQT,AANGBULD,9799
GYHKIVQT,FQCLOEXA,1727605
GYHKIVQT,OKMBFVKS,1804275
GYHKIVQT,PYZMVUWD,1445
GYHKIVQT,XUOIQPFL,2611531
GYHKIVQT,RCBZUSIM,5043
GYHKIVQT,APQGTRMF,13588
GYHKIVQT,DEWLVASR,318653
GYHKIVQT,WPQXWHYO,10825087
GYHKIVQT,ELQGMQWE,360762
GYHKIVQT,LPHPPJUG,1260085
GYHKIVQT,SAHWCZNH,1436102
GYHKIVQT,QVLMOEYE,1279683
GYHKIVQT,ATLDMDBO,34848975
GYHKIVQT,LUENUFGA,3294321
GYHKIVQT,VWMBASNE,145576
GYHKIVQT,NZKBIBNU,198923
GYHKIVQT,UIFPPCLR,74182
GYHKIVQT,WBLJNPZQ,200277
GYHKIVQT,ZXERAXWP,14770
GYHKIVQT,VMAQSTJE,42897
GYHKIVQT,BSRMSVTC,226566
GYHKIVQT,KEUWZRKO,336392
GYHKIVQT,RJGPVEXX,531954
GYHKIVQT,XIFHSOWQ,69249
GYHKIVQT,UQYUIVVR,3085753
GYHKIVQT,RAWUKQMJ,3613306
GYHKIVQT,VBYCLTYZ,196680
GYHKIVQT,BTMOEMEP,9977219
GYHKIVQT,JBVHSUWY,279598
GYHKIVQT,VUAFAIYJ,525082
GYHKIVQT,JPBRUTWP,5300442
GYHKIVQT,FITUEHWN,79149
GYHKIVQT,FCYBOAXC,98984108
GYHKIVQT,QJQJSWFU,111078
GYHKIVQT,FRHNWLNI,1001484
GYHKIVQT,UGEQLMXM,138292
GYHKIVQT,ZCELVYQU,36554
GYHKIVQT,LRVGFDFM,7348706
HCDTGMST,JERHKLYW,6812
HCDTGMST,XIFHSOWQ,69252
HCDTGMST,KEUWZRKO,336255
HCDTGMST,LUENUFGA,3294410
HCDTGMST,STZDBITS,14769590
HCDTGMST,ATLDMDBO,35068535
HCDTGMST,MBSBZBXA,3784455
HCDTGMST,BEZYMBBT,3671953
HCDTGMST,ZGJXVMNI,2401918
HCDTGMST,XIPPENFQ,88462
HCDTGMST,SAHWCZNH,1437067
HCDTGMST,RCBZUSIM,5293
HCDTGMST,RAWUKQMJ,3672948
HCDTGMST,VBYCLTYZ,200348
HCDTGMST,BTMOEMEP,9993629
HCDTGMST,DDEXPPXU,20765
HCDTGMST,VWMBASNE,145513
HCDTGMST,JPBRUTWP,5319174
HCDTGMST,QKXNTIIB,2052561
HCDTGMST,FRHNWLNI,1001537
HCDTGMST,AHMDUILJ,107464
HCDTGMST,OJIFIHMZ,2091233
HCDTGMST,LPHPPJUG,1254897
HCDTGMST,HXYSSRXE,5245911
HCDTGMST,DNMPSKTB,4965532
HCDTGMST,OKMBFVKS,1819305
HCDTGMST,QRKRBYJL,2410566
HCDTGMST,FTSVTTSR,128540
HCDTGMST,FQCLOEXA,1680466
HCDTGMST,GYHKIVQT,20206793
HCDTGMST,AXULOHBQ,75884
HXYSSRXE,DNMPSKTB,4918650
HXYSSRXE,BSRMSVTC,225808
HXYSSRXE,KEUWZRKO,335009
HXYSSRXE,AXULOHBQ,74791
HXYSSRXE,FQCLOEXA,1727605
HXYSSRXE,OGAFEHLU,225
HXYSSRXE,GYHKIVQT,19479496
HXYSSRXE,PYZMVUWD,1445
HXYSSRXE,EVBVXETX,5469208
HXYSSRXE,UGEQLMXM,137752
HXYSSRXE,VWMBASNE,145220
HXYSSRXE,XIFHSOWQ,68942
HXYSSRXE,RJGPVEXX,531954
HXYSSRXE,WPQXWHYO,10825087
HXYSSRXE,ZGJXVMNI,2442347
HXYSSRXE,VMAQSTJE,42893
HXYSSRXE,SDWAYPIK,5527699
HXYSSRXE,JPBRUTWP,5300442
HXYSSRXE,ZKENOUDA,334414
HXYSSRXE,RAWUKQMJ,3612872
HXYSSRXE,ATLDMDBO,34848975
HXYSSRXE,SAHWCZNH,1436102
HXYSSRXE,FDXPMYGF,2356
HXYSSRXE,LUENUFGA,3294321
HXYSSRXE,JBVHSUWY,279598
HXYSSRXE,LPHPPJUG,1260085
HXYSSRXE,BJALXPFS,115474
HXYSSRXE,XUOIQPFL,2611531
HXYSSRXE,WQMVCOEM,12786
HXYSSRXE,NZKBIBNU,198923
HXYSSRXE,RCBZUSIM,5122
HXYSSRXE,DEWLVASR,318653
HXYSSRXE,QVLMOEYE,1279683
HXYSSRXE,ELQGMQWE,360741
HXYSSRXE,UIFPPCLR,74223
HXYSSRXE,AHMDUILJ,109138
HXYSSRXE,OKMBFVKS,1804275
HXYSSRXE,QRKRBYJL,2404617
HXYSSRXE,WBLJNPZQ,200296
HXYSSRXE,QJQJSWFU,111396
HXYSSRXE,ZXERAXWP,14770
HXYSSRXE,BEZYMBBT,3626910
HXYSSRXE,XIPPENFQ,88314
HXYSSRXE,DDEXPPXU,20720
HXYSSRXE,UQYUIVVR,3085753
HXYSSRXE,KJNSOAHR,10982061
IGDVVKUD,SUOYXCHP,2184
IGDVVKUD,FDXPMYGF,2360
IGDVVKUD,BTMOEMEP,9971795
IGDVVKUD,VBYCLTYZ,196469
IGDVVKUD,BLANHGYY,2668
IGDVVKUD,HXYSSRXE,5208999
IGDVVKUD,QVLMOEYE,1280756
IGDVVKUD,WQMVCOEM,12939
IGDVVKUD,ATLDMDBO,34865450
IGDVVKUD,UXSPKBJR,461304
IGDVVKUD,AXULOHBQ,73970
IGDVVKUD,DNMPSKTB,4925865
IGDVVKUD,ROACSLMG,2133787
IGDVVKUD,BSRMSVTC,226707
IGDVVKUD,SDWAYPIK,5523742
IGDVVKUD,QRKRBYJL,2409218
IGDVVKUD,LRVGFDFM,7301226
IGDVVKUD,SNHYOVBM,327517
IGDVVKUD,WHPUAOID,9181
IGDVVKUD,UGEQLMXM,137999
IGDVVKUD,WBLJNPZQ,200528
IGDVVKUD,JPBRUTWP,5304563
IGDVVKUD,FQCLOEXA,1682945
IGDVVKUD,OXKURKXR,110818
IGDVVKUD,OKMBFVKS,1805487
IGDVVKUD,BEZYMBBT,3627016
IGDVVKUD,DBWLZWNK,242569
IGDVVKUD,LPHPPJUG,1257806
IGDVVKUD,XUOIQPFL,2613285
IGDVVKUD,RCBZUSIM,5129
IGDVVKUD,RAWUKQMJ,3612619
IGDVVKUD,GYHKIVQT,19585715
IGDVVKUD,APQGTRMF,13623
IGDVVKUD,ZGJXVMNI,2402650
IGDVVKUD,KEUWZRKO,336662
IGDVVKUD,WPQXWHYO,10800489
JBVHSUWY,ELQGMQWE,360762
JBVHSUWY,APQGTRMF,13596
JBVHSUWY,KEUWZRKO,336563
JBVHSUWY,FTSVTTSR,128299
JBVHSUWY,KJNSOAHR,10982684
JBVHSUWY,VMAQSTJE,42786
JBVHSUWY,LTOYKIML,287322
JBVHSUWY,DBWLZWNK,241210
JBVHSUWY,LLHREMKS,48645
JBVHSUWY,ZKENOUDA,334414
JBVHSUWY,SDWAYPIK,5527604
JBVHSUWY,UIFPPCLR,74307
JBVHSUWY,AHMDUILJ,107874
JBVHSUWY,ZXERAXWP,14769
JBVHSUWY,JERHKLYW,7292
JBVHSUWY,SAAYMURU,36407
JBVHSUWY,GYHKIVQT,19595513
JBVHSUWY,BEZYMBBT,3625639
JBVHSUWY,STZDBITS,14771946
JBVHSUWY,DUCMGGNW,727134
JBVHSUWY,XUOIQPFL,2612273
JBVHSUWY,WHPUAOID,9175
JBVHSUWY,OKMBFVKS,1804788
JBVHSUWY,OXKURKXR,110818
JBVHSUWY,BUZIIBYG,15970046
JBVHSUWY,FITUEHWN,79149
JBVHSUWY,QJQJSWFU,111156
JBVHSUWY,DEWLVASR,318635
JBVHSUWY,ROACSLMG,2141332
JBVHSUWY,VBYCLTYZ,200348
JERHKLYW,QKXNTIIB,2048739
JERHKLYW,TGOELCAG,107828
JERHKLYW,VUAFAIYJ,549594
JERHKLYW,SAAYMURU,36418
JERHKLYW,BEZYMBBT,3657748
JERHKLYW,JPBRUTWP,5309330
JERHKLYW,XIPPENFQ,88462
JERHKLYW,DBWLZWNK,248086
JERHKLYW,LPHPPJUG,1254897
JERHKLYW,LTOYKIML,284390
JERHKLYW,AHMDUILJ,107990
JERHKLYW,XUOIQPFL,2619272
JERHKLYW,WBLJNPZQ,201377
JERHKLYW,ATLDMDBO,35045971
JERHKLYW,RAWUKQMJ,3618233
JERHKLYW,UIFPPCLR,74772
JERHKLYW,WPQXWHYO,10797522
JERHKLYW,KEUWZRKO,336975
JERHKLYW,DEWLVASR,312422
JERHKLYW,BUZIIBYG,15971090
JERHKLYW,OXKURKXR,111356
JERHKLYW,LSOIUSXD,95695
JERHKLYW,UXSPKBJR,465132
JERHKLYW,BJALXPFS,115112
JERHKLYW,UGEQLMXM,138897
JERHKLYW,SDWAYPIK,5535186
JERHKLYW,GYHKIVQT,19646804
JERHKLYW,DNMPSKTB,4931560
JERHKLYW,OJIFIHMZ,2093010
JPBRUTWP,ATLDMDBO,34848975
JPBRUTWP,QVLMOEYE,1275761
JPBRUTWP,GYHKIVQT,19478362
JPBRUTWP,QRKRBYJL,2404617
JPBRUTWP,APQGTRMF,13556
JPBRUTWP,SDWAYPIK,5527699
JPBRUTWP,RCBZUSIM,5030
JPBRUTWP,OKMBFVKS,1804275
JPBRUTWP,VBYCLTYZ,196316
JPBRUTWP,WBLJNPZQ,199503
JPBRUTWP,DNMPSKTB,4918650
JPBRUTWP,HXYSSRXE,5216787
JPBRUTWP,AXULOHBQ,74791
JPBRUTWP,XUOIQPFL,2611531
JPBRUTWP,JBVHSUWY,279442
JPBRUTWP,BEZYMBBT,3624415
JPBRUTWP,OGAFEHLU,231
JPBRUTWP,VWMBASNE,145562
JPBRUTWP,OXKURKXR,110718
JPBRUTWP,UGEQLMXM,137829
JPBRUTWP,DBWLZWNK,241085
JPBRUTWP,BTMOEMEP,9976384
JPBRUTWP,BSRMSVTC,226566
JPBRUTWP,RAWUKQMJ,3612872
JPBRUTWP,DEWLVASR,318653
JPBRUTWP,RJGPVEXX,531954
JPBRUTWP,LSOIUSXD,90690
JPBRUTWP,FQCLOEXA,1727605
JPBRUTWP,ELQGMQWE,360762
JPBRUTWP,UXSPKBJR,460888
JPBRUTWP,SAHWCZNH,1436102
JPBRUTWP,VMAQSTJE,42825
JPBRUTWP,PYZMVUWD,1468
JPBRUTWP,LPHPPJUG,1260014
JPBRUTWP,YSYHGLQK,1332
JPBRUTWP,FRHNWLNI,971659
JPBRUTWP,DUCMGGNW,726927
JPBRUTWP,KJNSOAHR,10982684
JPBRUTWP,ZXERAXWP,14769
JPBRUTWP,ROACSLMG,2141453
JPBRUTWP,NZKBIBNU,198923
JPBRUTWP,UIFPPCLR,74223
JPBRUTWP,WPQXWHYO,10825087
JPBRUTWP,WQMVCOEM,12683
JPBRUTWP,QJQJSWFU,111252
JPBRUTWP,FCYBOAXC,99038383
JSLXRQOK,FTSVTTSR,128343
JSLXRQOK,NAQIHUKZ,1343
JSLXRQOK,LLHREMKS,48225
JSLXRQOK,ZCELVYQU,36034
JSLXRQOK,KJNSOAHR,10886203
JSLXRQOK,SAAYMURU,36422
JSLXRQOK,VBYCLTYZ,197343
JSLXRQOK,GKQIJYDH,7264059
JSLXRQOK,STZDBITS,14773353
JSLXRQOK,YSYHGLQK,1338
JSLXRQOK,QJQJSWFU,111341
JSLXRQOK,BUZIIBYG,16026158
JSLXRQOK,DEWLVASR,312422
JSLXRQOK,KAGJCHMR,6354
JSLXRQOK,DBWLZWNK,241391
JSLXRQOK,CCLHWFWF,21061065
JSLXRQOK,DUCMGGNW,731233
JSLXRQOK,XMKRPGLB,693895
JSLXRQOK,UIFPPCLR,74846
JSLXRQOK,VUAFAIYJ,550659
JSLXRQOK,OKMBFVKS,1809303
KAGJCHMR,GKQIJYDH,7264059
KAGJCHMR,LTOYKIML,284280
KAGJCHMR,DDEXPPXU,20938
KAGJCHMR,AANGBULD,9544
KAGJCHMR,BUZIIBYG,15971090
KAGJCHMR,JSLXRQOK,2371
KAGJCHMR,FQCLOEXA,1679802
KAGJCHMR,ZKENOUDA,327735
KAGJCHMR,DUCMGGNW,727416
KAGJCHMR,JERHKLYW,7063
KAGJCHMR,OXKURKXR,111404
KAGJCHMR,RJGPVEXX,523508
KAGJCHMR,ZGJXVMNI,2398642
KAGJCHMR,ZXERAXWP,14399
KAGJCHMR,KJNSOAHR,10883430
KAGJCHMR,NZKBIBNU,198053
KAGJCHMR,ZCELVYQU,36270
KAGJCHMR,GYHKIVQT,19627227
KAGJCHMR,LPHPPJUG,1254897
KAGJCHMR,SDWAYPIK,5535186
KAGJCHMR,LLHREMKS,48599
KAGJCHMR,ELQGMQWE,354733
KAGJCHMR,DEWLVASR,312422
KAGJCHMR,AHMDUILJ,107464
KAGJCHMR,UGEQLMXM,138897
KAGJCHMR,OJIFIHMZ,2090970
KEUWZRKO,XIFHSOWQ,68927
KEUWZRKO,SAHWCZNH,1436510
KEUWZRKO,LUENUFGA,3294410
KEUWZRKO,WPQXWHYO,10825087
KEUWZRKO,NZKBIBNU,198923
KEUWZRKO,XIPPENFQ,88425
KEUWZRKO,MIRCVAMV,11483
KEUWZRKO,VWMBASNE,145417
KEUWZRKO,RJGPVEXX,531954
KEUWZRKO,UIFPPCLR,74258
KEUWZRKO,EVBVXETX,5469208
KEUWZRKO,FRHNWLNI,1001537
KEUWZRKO,OKMBFVKS,1804788
KEUWZRKO,QJQJSWFU,111144
KEUWZRKO,UXSPKBJR,469140
KEUWZRKO,WQMVCOEM,12773
KEUWZRKO,JBVHSUWY,279968
KEUWZRKO,RCBZUSIM,5296
KEUWZRKO,KJNSOAHR,10982061
KEUWZRKO,ATLDMDBO,35066545
KEUWZRKO,ZGJXVMNI,2392201
KEUWZRKO,ROACSLMG,2133365
KEUWZRKO,HXYSSRXE,5245893
KEUWZRKO,GKQIJYDH,7236335
KEUWZRKO,RAWUKQMJ,3672742
KEUWZRKO,BEZYMBBT,3630296
KJNSOAHR,AXULOHBQ,74588
KJNSOAHR,EVBVXETX,5445891
KJNSOAHR,ZCELVYQU,34887
KJNSOAHR,LRVGFDFM,7319827
KJNSOAHR,ZXERAXWP,14344
KJNSOAHR,FCYBOAXC,99082255
KJNSOAHR,VBYCLTYZ,196316
KJNSOAHR,QRKRBYJL,2404617
KJNSOAHR,QVLMOEYE,1279683
KJNSOAHR,IGDVVKUD,1314
KJNSOAHR,OXKURKXR,110718
KJNSOAHR,JPBRUTWP,5300442
KJNSOAHR,GKQIJYDH,7268642
KJNSOAHR,FQCLOEXA,1680572
KJNSOAHR,RCBZUSIM,5154
KJNSOAHR,XIPPENFQ,88996
KJNSOAHR,FITUEHWN,78275
KJNSOAHR,BEZYMBBT,3671692
KJNSOAHR,ATLDMDBO,34848975
KJNSOAHR,UGEQLMXM,137829
KJNSOAHR,GYHKIVQT,20101357
KJNSOAHR,BTMOEMEP,9976384
KJNSOAHR,BUZIIBYG,15970328
KJNSOAHR,BJALXPFS,115474
KJNSOAHR,XUOIQPFL,2638845
KJNSOAHR,UXSPKBJR,460888
KJNSOAHR,XMKRPGLB,727123
KJNSOAHR,LPHPPJUG,1260085
KJNSOAHR,WBLJNPZQ,200296
KJNSOAHR,ROACSLMG,2134756
KJNSOAHR,LSOIUSXD,90707
KJNSOAHR,DDEXPPXU,20720
KJNSOAHR,YSYHGLQK,1332
KJNSOAHR,HXYSSRXE,5222693
LLHREMKS,ZCELVYQU,36082
LLHREMKS,ZXERAXWP,14298
LLHREMKS,GKQIJYDH,7264059
LLHREMKS,ELQGMQWE,354733
LLHREMKS,UGEQLMXM,137597
LLHREMKS,LSOIUSXD,95203
LLHREMKS,KAGJCHMR,6216
LLHREMKS,STZDBITS,14773353
LLHREMKS,YSYHGLQK,1320
LLHREMKS,MBSBZBXA,3784455
LLHREMKS,MIRCVAMV,11527
LLHREMKS,KEUWZRKO,336255
LLHREMKS,WBLJNPZQ,200509
LLHREMKS,KJNSOAHR,10883430
LLHREMKS,WHPUAOID,9176
LLHREMKS,VBYCLTYZ,196385
LLHREMKS,CCLHWFWF,21062460
LLHREMKS,HXYSSRXE,5209237
LLHREMKS,DEWLVASR,313174
LLHREMKS,BJALXPFS,115450
LLHREMKS,BEZYMBBT,3671692
LLHREMKS,SDWAYPIK,5523742
LLHREMKS,GYHKIVQT,19585715
LLHREMKS,VUAFAIYJ,549938
LLHREMKS,WPQXWHYO,10821235
LLHREMKS,QVLMOEYE,1282760
LLHREMKS,XUOIQPFL,2616746
LLHREMKS,FCYBOAXC,99008757
LPHPPJUG,DDEXPPXU,20970
LPHPPJUG,FQCLOEXA,1679152
LPHPPJUG,HXYSSRXE,5245911
LPHPPJUG,ZKENOUDA,327563
LPHPPJUG,NZKBIBNU,197995
LPHPPJUG,AXULOHBQ,75890
LPHPPJUG,AHMDUILJ,107432
LPHPPJUG,SAHWCZNH,1444620
LPHPPJUG,KEUWZRKO,338112
LPHPPJUG,EVBVXETX,5445891
LPHPPJUG,WPQXWHYO,10791375
LPHPPJUG,XIFHSOWQ,70752
LPHPPJUG,RJGPVEXX,523508
LPHPPJUG,PYZMVUWD,1518
LPHPPJUG,QJQJSWFU,112170
LPHPPJUG,LUENUFGA,3308971
LPHPPJUG,RAWUKQMJ,3672742
LPHPPJUG,VMAQSTJE,43313
LPHPPJUG,BJALXPFS,117059
LPHPPJUG,MBSBZBXA,3809697
LPHPPJUG,DNMPSKTB,4965513
LPHPPJUG,JBVHSUWY,283681
LPHPPJUG,DEWLVASR,312301
LPHPPJUG,ELQGMQWE,353712
LPHPPJUG,SDWAYPIK,5555823
LPHPPJUG,BSRMSVTC,230828
LPHPPJUG,JSLXRQOK,2363
LPHPPJUG,GKQIJYDH,7263608
LPHPPJUG,AANGBULD,9201
LPHPPJUG,OKMBFVKS,1819305
LPHPPJUG,ZXERAXWP,14347
LPHPPJUG,WBLJNPZQ,203843
LPHPPJUG,GYHKIVQT,20206793
LPHPPJUG,WQMVCOEM,12791
LPHPPJUG,VWMBASNE,145108
LPHPPJUG,KJNSOAHR,10886893
LPHPPJUG,APQGTRMF,13635
LPHPPJUG,VUAFAIYJ,550298
LPHPPJUG,UXSPKBJR,464789
LPHPPJUG,UQYUIVVR,3057567
LRVGFDFM,QVLMOEYE,1275761
LRVGFDFM,IGDVVKUD,1305
LRVGFDFM,UGEQLMXM,137397
LRVGFDFM,QRKRBYJL,2403460
LRVGFDFM,VBYCLTYZ,196316
LRVGFDFM,JPBRUTWP,5300442
LRVGFDFM,SDWAYPIK,5527699
LRVGFDFM,ATLDMDBO,34856570
LRVGFDFM,DBWLZWNK,240494
LRVGFDFM,BTMOEMEP,9976384
LRVGFDFM,HXYSSRXE,5216787
LRVGFDFM,AXULOHBQ,74615
LRVGFDFM,GYHKIVQT,19479496
LRVGFDFM,WBLJNPZQ,199712
LRVGFDFM,DNMPSKTB,4918650
LRVGFDFM,XUOIQPFL,2612273
LRVGFDFM,OXKURKXR,110718
LRVGFDFM,LPHPPJUG,1260085
LRVGFDFM,RCBZUSIM,5043
LRVGFDFM,LSOIUSXD,90690
LRVGFDFM,APQGTRMF,13588
LRVGFDFM,OKMBFVKS,1804275
LRVGFDFM,VWMBASNE,145562
LRVGFDFM,UXSPKBJR,460888
LRVGFDFM,VUAFAIYJ,553418
LRVGFDFM,WQMVCOEM,12807
LRVGFDFM,ROACSLMG,2133306
LRVGFDFM,DUCMGGNW,726927
LRVGFDFM,EVBVXETX,5445891
LRVGFDFM,FCYBOAXC,99051796
LRVGFDFM,FRHNWLNI,971659
LRVGFDFM,BUZIIBYG,15970328
LRVGFDFM,QJQJSWFU,111078
LRVGFDFM,NZKBIBNU,197972
LRVGFDFM,BJALXPFS,115474
LRVGFDFM,BEZYMBBT,3625639
LRVGFDFM,XMKRPGLB,727024
LRVGFDFM,BSRMSVTC,226566
LRVGFDFM,WHPUAOID,9172
LRVGFDFM,ELQGMQWE,360762
LRVGFDFM,JERHKLYW,7292
LRVGFDFM,RAWUKQMJ,3613962
LRVGFDFM,FQCLOEXA,1726947
LSOIUSXD,WBLJNPZQ,199697
LSOIUSXD,AXULOHBQ,74757
LSOIUSXD,VWMBASNE,145075
LSOIUSXD,VUAFAIYJ,553418
LSOIUSXD,XUOIQPFL,2613285
LSOIUSXD,QVLMOEYE,1280756
LSOIUSXD,XIPPENFQ,88433
LSOIUSXD,LRVGFDFM,7301226
LSOIUSXD,DUCMGGNW,727416
LSOIUSXD,CCLHWFWF,21038067
LSOIUSXD,KJNSOAHR,10982684
LSOIUSXD,GYHKIVQT,19580727
LSOIUSXD,FCYBOAXC,99022166
LSOIUSXD,MIRCVAMV,11565
LSOIUSXD,RAWUKQMJ,3612619
LSOIUSXD,ELQGMQWE,360783
LSOIUSXD,OKMBFVKS,1805487
LSOIUSXD,ZKENOUDA,334314
LSOIUSXD,XIFHSOWQ,69381
LSOIUSXD,APQGTRMF,13649
LSOIUSXD,QKXNTIIB,2053141
LSOIUSXD,DEWLVASR,318635
LSOIUSXD,UIFPPCLR,74307
LSOIUSXD,OXKURKXR,111376
LSOIUSXD,AHMDUILJ,107464
LSOIUSXD,BJALXPFS,115350
LSOIUSXD,LPHPPJUG,1260014
LSOIUSXD,DNMPSKTB,4925865
LSOIUSXD,LTOYKIML,282897
LSOIUSXD,BSRMSVTC,226545
LSOIUSXD,ZXERAXWP,14772
LSOIUSXD,EVBVXETX,5467264
LSOIUSXD,PYZMVUWD,1466
LSOIUSXD,FITUEHWN,79168
LSOIUSXD,QJQJSWFU,110982
LSOIUSXD,FQCLOEXA,1726431
LSOIUSXD,VMAQSTJE,42887
LSOIUSXD,SDWAYPIK,5530199
LSOIUSXD,JERHKLYW,7278
LSOIUSXD,RJGPVEXX,531765
LSOIUSXD,LUENUFGA,3297332
LSOIUSXD,KEUWZRKO,335694
LTOYKIML,FTSVTTSR,128299
LTOYKIML,JSLXRQOK,2381
LTOYKIML,LLHREMKS,48640
LTOYKIML,VUAFAIYJ,553418
LTOYKIML,DEWLVASR,312301
LTOYKIML,MBSBZBXA,3809839
LTOYKIML,CCLHWFWF,21032709
LTOYKIML,OXKURKXR,113025
LTOYKIML,JPBRUTWP,5321059
LTOYKIML,APQGTRMF,14036
LTOYKIML,XUOIQPFL,2638845
LTOYKIML,ZCELVYQU,36252
LTOYKIML,OJIFIHMZ,2085468
LTOYKIML,WHPUAOID,9168
LTOYKIML,ROACSLMG,2141332
LTOYKIML,PYZMVUWD,1452
LTOYKIML,UXSPKBJR,469140
LTOYKIML,ELQGMQWE,354596
LTOYKIML,WBLJNPZQ,200822
LTOYKIML,AANGBULD,10160
LTOYKIML,SNHYOVBM,330770
LTOYKIML,RCBZUSIM,5296
LTOYKIML,GKQIJYDH,7271265
LTOYKIML,OKMBFVKS,1819305
LTOYKIML,KJNSOAHR,10887688
LTOYKIML,ZGJXVMNI,2394732
LUENUFGA,XIFHSOWQ,68887
LUENUFGA,XIPPENFQ,88410
LUENUFGA,MIRCVAMV,11492
LUENUFGA,ZGJXVMNI,2378841
LUENUFGA,DNMPSKTB,4965532
LUENUFGA,EVBVXETX,5469208
LUENUFGA,SAHWCZNH,1436102
LUENUFGA,VWMBASNE,145576
LUENUFGA,ATLDMDBO,35059205
LUENUFGA,LPHPPJUG,1254192
LUENUFGA,KJNSOAHR,10982684
LUENUFGA,ZXERAXWP,14770
LUENUFGA,RAWUKQMJ,3672948
LUENUFGA,UGEQLMXM,141902
LUENUFGA,AXULOHBQ,75890
LUENUFGA,BJALXPFS,117148
LUENUFGA,KAGJCHMR,6306
LUENUFGA,WPQXWHYO,10824473
LUENUFGA,HXYSSRXE,5245893
LUENUFGA,AHMDUILJ,107863
LUENUFGA,DDEXPPXU,20928
LUENUFGA,OXKURKXR,113025
LUENUFGA,WQMVCOEM,12786
LUENUFGA,NZKBIBNU,198053
LUENUFGA,SDWAYPIK,5555823
LUENUFGA,LSOIUSXD,93005
LUENUFGA,ZCELVYQU,36554
LUENUFGA,QVLMOEYE,1285890
LUENUFGA,KEUWZRKO,338085
LUENUFGA,RCBZUSIM,5296
LUENUFGA,ZKENOUDA,328572
LUENUFGA,CCLHWFWF,21055028
MBSBZBXA,HCDTGMST,18707
MBSBZBXA,QJQJSWFU,112170
MBSBZBXA,AHMDUILJ,109138
MBSBZBXA,JERHKLYW,6874
MBSBZBXA,UQYUIVVR,3049551
MBSBZBXA,FCYBOAXC,99082255
MBSBZBXA,JBVHSUWY,283681
MBSBZBXA,OJIFIHMZ,2128050
MBSBZBXA,QRKRBYJL,2410566
MBSBZBXA,ZKENOUDA,327440
MBSBZBXA,ROACSLMG,2141332
MBSBZBXA,LUENUFGA,3298261
MBSBZBXA,DUCMGGNW,738691
MBSBZBXA,DDEXPPXU,21033
MBSBZBXA,JSLXRQOK,2338
MBSBZBXA,XUOIQPFL,2638845
MBSBZBXA,ATLDMDBO,35057216
MIRCVAMV,CCLHWFWF,21038067
MIRCVAMV,VUAFAIYJ,534141
MIRCVAMV,ZGJXVMNI,2401918
MIRCVAMV,NZKBIBNU,198053
MIRCVAMV,FCYBOAXC,99160808
MIRCVAMV,OJIFIHMZ,2087409
NAQIHUKZ,ZCELVYQU,35997
NAQIHUKZ,SAAYMURU,36332
NAQIHUKZ,ELQGMQWE,354733
NAQIHUKZ,LSOIUSXD,95256
NAQIHUKZ,FQCLOEXA,1681701
NAQIHUKZ,OKMBFVKS,1809303
NZKBIBNU,LLHREMKS,48259
NZKBIBNU,LUENUFGA,3308971
NZKBIBNU,FTSVTTSR,128299
NZKBIBNU,SAHWCZNH,1444620
NZKBIBNU,KEUWZRKO,338112
NZKBIBNU,WPQXWHYO,10794772
NZKBIBNU,EVBVXETX,5445112
NZKBIBNU,JSLXRQOK,2381
NZKBIBNU,FRHNWLNI,971613
NZKBIBNU,DEWLVASR,312301
NZKBIBNU,XIFHSOWQ,70752
NZKBIBNU,FITUEHWN,78137
NZKBIBNU,KJNSOAHR,10883430
NZKBIBNU,OKMBFVKS,1819311
NZKBIBNU,ELQGMQWE,354596
NZKBIBNU,DUCMGGNW,727134
NZKBIBNU,ZGJXVMNI,2442347
NZKBIBNU,ZKENOUDA,327594
NZKBIBNU,LTOYKIML,284280
NZKBIBNU,AANGBULD,9201
NZKBIBNU,VUAFAIYJ,549233
NZKBIBNU,WQMVCOEM,12798
NZKBIBNU,XIPPENFQ,88961
NZKBIBNU,ZCELVYQU,36252
NZKBIBNU,QJQJSWFU,112146
NZKBIBNU,WHPUAOID,9186
NZKBIBNU,ZXERAXWP,14348
NZKBIBNU,UXSPKBJR,469275
NZKBIBNU,BEZYMBBT,3671953
NZKBIBNU,RJGPVEXX,531924
NZKBIBNU,VWMBASNE,145108
NZKBIBNU,AHMDUILJ,109162
NZKBIBNU,SAAYMURU,36466
NZKBIBNU,RCBZUSIM,5103
NZKBIBNU,APQGTRMF,14033
NZKBIBNU,QRKRBYJL,2413451
OGAFEHLU,QVLMOEYE,1276541
OGAFEHLU,QRKRBYJL,2408373
OGAFEHLU,GYHKIVQT,19583689
OGAFEHLU,DNMPSKTB,4925865
OGAFEHLU,JPBRUTWP,5304563
OGAFEHLU,SDWAYPIK,5523742
OGAFEHLU,OKMBFVKS,1805487
OGAFEHLU,XUOIQPFL,2613285
OGAFEHLU,APQGTRMF,13583
OGAFEHLU,BTMOEMEP,9971632
OGAFEHLU,FCYBOAXC,99083956
OGAFEHLU,HXYSSRXE,5208895
OGAFEHLU,RJGPVEXX,531795
OGAFEHLU,RAWUKQMJ,3613045
OGAFEHLU,CCLHWFWF,21032709
OGAFEHLU,BEZYMBBT,3624521
OJIFIHMZ,FITUEHWN,78137
OJIFIHMZ,AHMDUILJ,107432
OJIFIHMZ,SNHYOVBM,327167
OJIFIHMZ,JERHKLYW,7062
OJIFIHMZ,STZDBITS,14770301
OJIFIHMZ,KEUWZRKO,338112
OJIFIHMZ,BUZIIBYG,15970328
OJIFIHMZ,FTSVTTSR,128312
OJIFIHMZ,RCBZUSIM,5133
OJIFIHMZ,QJQJSWFU,112146
OJIFIHMZ,BEZYMBBT,3671692
OJIFIHMZ,UXSPKBJR,463854
OJIFIHMZ,MBSBZBXA,3781991
OJIFIHMZ,ZXERAXWP,14344
OJIFIHMZ,OXKURKXR,111149
OJIFIHMZ,DBWLZWNK,247874
OJIFIHMZ,ELQGMQWE,353941
OKMBFVKS,GYHKIVQT,19581670
OKMBFVKS,ZGJXVMNI,2442347
OKMBFVKS,FDXPMYGF,2344
OKMBFVKS,WBLJNPZQ,199566
OKMBFVKS,FQCLOEXA,1727605
OKMBFVKS,BSRMSVTC,225808
OKMBFVKS,SDWAYPIK,5527699
OKMBFVKS,BEZYMBBT,3624415
OKMBFVKS,UIFPPCLR,74223
OKMBFVKS,ZXERAXWP,14770
OKMBFVKS,BTMOEMEP,9976384
OKMBFVKS,QVLMOEYE,1279683
OKMBFVKS,VWMBASNE,145562
OKMBFVKS,RCBZUSIM,5154
OKMBFVKS,IGDVVKUD,1314
OKMBFVKS,RJGPVEXX,531954
OKMBFVKS,ELQGMQWE,360762
OKMBFVKS,APQGTRMF,13596
OKMBFVKS,XUOIQPFL,2611531
OKMBFVKS,QRKRBYJL,2404617
OKMBFVKS,FRHNWLNI,971659
OKMBFVKS,HXYSSRXE,5216787
OKMBFVKS,ATLDMDBO,34848975
OKMBFVKS,DEWLVASR,318653
OKMBFVKS,KJNSOAHR,10982684
OKMBFVKS,JPBRUTWP,5300442
OKMBFVKS,CCLHWFWF,21033080
OKMBFVKS,UQYUIVVR,3085753
OKMBFVKS,QJQJSWFU,111252
OKMBFVKS,AXULOHBQ,74798
OKMBFVKS,UGEQLMXM,138118
OKMBFVKS,UXSPKBJR,464073
OKMBFVKS,RAWUKQMJ,3614242
OKMBFVKS,DBWLZWNK,241085
OKMBFVKS,FCYBOAXC,99051796
OKMBFVKS,DNMPSKTB,4918650
OKMBFVKS,VBYCLTYZ,196316
OKMBFVKS,ROACSLMG,2134012
OKMBFVKS,BJALXPFS,115232
OKMBFVKS,OXKURKXR,111276
OKMBFVKS,DUCMGGNW,730067
OKMBFVKS,LPHPPJUG,1260014
OKMBFVKS,EVBVXETX,5468900
OXKURKXR,JSLXRQOK,2374
OXKURKXR,ATLDMDBO,34856570
OXKURKXR,QVLMOEYE,1277691
OXKURKXR,BEZYMBBT,3625639
OXKURKXR,APQGTRMF,13596
OXKURKXR,HXYSSRXE,5209237
OXKURKXR,SDWAYPIK,5523742
OXKURKXR,ZGJXVMNI,2442347
OXKURKXR,QRKRBYJL,2408285
OXKURKXR,AXULOHBQ,74206
OXKURKXR,RAWUKQMJ,3612619
OXKURKXR,GYHKIVQT,19580727
OXKURKXR,DNMPSKTB,4925865
OXKURKXR,UGEQLMXM,137894
OXKURKXR,FQCLOEXA,1727605
OXKURKXR,ELQGMQWE,360762
OXKURKXR,JPBRUTWP,5299593
OXKURKXR,TGOELCAG,107837
OXKURKXR,RCBZUSIM,5056
OXKURKXR,FTSVTTSR,128349
OXKURKXR,WBLJNPZQ,200528
OXKURKXR,FDXPMYGF,2363
OXKURKXR,JBVHSUWY,280073
OXKURKXR,LSOIUSXD,95235
OXKURKXR,DEWLVASR,318653
OXKURKXR,LTOYKIML,284280
OXKURKXR,VBYCLTYZ,196620
OXKURKXR,WPQXWHYO,10821849
OXKURKXR,DBWLZWNK,242996
OXKURKXR,BTMOEMEP,9971632
OXKURKXR,IGDVVKUD,1316
OXKURKXR,XUOIQPFL,2613285
OXKURKXR,OJIFIHMZ,2083160
OXKURKXR,VMAQSTJE,42821
OXKURKXR,LLHREMKS,48645
OXKURKXR,OKMBFVKS,1804788
OXKURKXR,FITUEHWN,79171
OXKURKXR,BJALXPFS,115424
OXKURKXR,LPHPPJUG,1260014
OXKURKXR,BUZIIBYG,16026089
OXKURKXR,KJNSOAHR,10982061
OXKURKXR,ZCELVYQU,36656
OXKURKXR,NZKBIBNU,198700
PYZMVUWD,XIFHSOWQ,69342
PYZMVUWD,RJGPVEXX,525001
PYZMVUWD,MIRCVAMV,11480
PYZMVUWD,QJQJSWFU,110971
PYZMVUWD,LUENUFGA,3295064
PYZMVUWD,VUAFAIYJ,550717
PYZMVUWD,ZXERAXWP,14772
PYZMVUWD,LSOIUSXD,95256
PYZMVUWD,UGEQLMXM,137999
PYZMVUWD,XIPPENFQ,88454
PYZMVUWD,VWMBASNE,145513
PYZMVUWD,XMKRPGLB,702067
PYZMVUWD,DDEXPPXU,21139
PYZMVUWD,AHMDUILJ,107464
PYZMVUWD,SAHWCZNH,1437515
PYZMVUWD,JPBRUTWP,5305199
PYZMVUWD,KJNSOAHR,10891074
PYZMVUWD,UIFPPCLR,74307
PYZMVUWD,OXKURKXR,110818
PYZMVUWD,XUOIQPFL,2613285
PYZMVUWD,BEZYMBBT,3624521
PYZMVUWD,RCBZUSIM,5128
PYZMVUWD,ZKENOUDA,329115
PYZMVUWD,EVBVXETX,5449495
PYZMVUWD,WBLJNPZQ,200908
PYZMVUWD,SDWAYPIK,5530199
PYZMVUWD,FCYBOAXC,99160808
PYZMVUWD,RAWUKQMJ,3612619
PYZMVUWD,LPHPPJUG,1255811
PYZMVUWD,APQGTRMF,13654
PYZMVUWD,LTOYKIML,283006
QJQJSWFU,ATLDMDBO,34856570
QJQJSWFU,SDWAYPIK,5527604
QJQJSWFU,OXKURKXR,110760
QJQJSWFU,OKMBFVKS,1804788
QJQJSWFU,QVLMOEYE,1280449
QJQJSWFU,APQGTRMF,13596
QJQJSWFU,GYHKIVQT,19584100
QJQJSWFU,RAWUKQMJ,3613045
QJQJSWFU,RJGPVEXX,531924
QJQJSWFU,QRKRBYJL,2409019
QJQJSWFU,RCBZUSIM,5167
QJQJSWFU,BUZIIBYG,15982083
QJQJSWFU,UXSPKBJR,461106
QJQJSWFU,DEWLVASR,318653
QJQJSWFU,LPHPPJUG,1260014
QJQJSWFU,HCDTGMST,20042
QJQJSWFU,BEZYMBBT,3624380
QJQJSWFU,DUCMGGNW,727416
QJQJSWFU,XUOIQPFL,2612273
QJQJSWFU,LTOYKIML,287119
QJQJSWFU,VWMBASNE,145116
QJQJSWFU,OJIFIHMZ,2082207
QJQJSWFU,KJNSOAHR,10982061
QJQJSWFU,FRHNWLNI,977226
QJQJSWFU,ZCELVYQU,36656
QJQJSWFU,VBYCLTYZ,196385
QJQJSWFU,WBLJNPZQ,200822
QJQJSWFU,GKQIJYDH,7236335
QJQJSWFU,XIFHSOWQ,70752
QKXNTIIB,FTSVTTSR,128287
QKXNTIIB,LLHREMKS,48632
QKXNTIIB,JSLXRQOK,2382
QKXNTIIB,SNHYOVBM,327343
QKXNTIIB,AHMDUILJ,109138
QKXNTIIB,UQYUIVVR,3065569
QKXNTIIB,SAAYMURU,37096
QKXNTIIB,LTOYKIML,283247
QKXNTIIB,TGOELCAG,108377
QKXNTIIB,ELQGMQWE,354088
QKXNTIIB,APQGTRMF,13627
QKXNTIIB,WBLJNPZQ,200775
QKXNTIIB,ATLDMDBO,35068535
QKXNTIIB,CCLHWFWF,21033080
QKXNTIIB,JERHKLYW,7292
QKXNTIIB,QJQJSWFU,111144
QKXNTIIB,RJGPVEXX,531954
QKXNTIIB,BUZIIBYG,16030892
QKXNTIIB,LRVGFDFM,7295994
QKXNTIIB,VBYCLTYZ,196467
QKXNTIIB,HXYSSRXE,5245893
QKXNTIIB,WPQXWHYO,10824473
QKXNTIIB,BEZYMBBT,3671692
QKXNTIIB,ROACSLMG,2141332
QRKRBYJL,QVLMOEYE,1275761
QRKRBYJL,ATLDMDBO,34848975
QRKRBYJL,DNMPSKTB,4918366
QRKRBYJL,SDWAYPIK,5529526
QRKRBYJL,VBYCLTYZ,196316
QRKRBYJL,AXULOHBQ,74525
QRKRBYJL,JPBRUTWP,5300442
QRKRBYJL,GYHKIVQT,19478362
QRKRBYJL,BTMOEMEP,9976384
QRKRBYJL,RCBZUSIM,5030
QRKRBYJL,HXYSSRXE,5218023
QRKRBYJL,APQGTRMF,13556
QRKRBYJL,XUOIQPFL,2611531
QRKRBYJL,UGEQLMXM,137752
QRKRBYJL,WBLJNPZQ,199566
QRKRBYJL,FDXPMYGF,2344
QRKRBYJL,OGAFEHLU,243
QRKRBYJL,LRVGFDFM,7299046
QRKRBYJL,UIFPPCLR,74223
QRKRBYJL,UXSPKBJR,460888
QRKRBYJL,FRHNWLNI,971613
QRKRBYJL,VMAQSTJE,42893
QRKRBYJL,OXKURKXR,110718
QRKRBYJL,RAWUKQMJ,3612872
QRKRBYJL,BSRMSVTC,226566
QRKRBYJL,RJGPVEXX,531954
QRKRBYJL,BEZYMBBT,3624415
QRKRBYJL,BJALXPFS,115474
QRKRBYJL,OKMBFVKS,1804275
QRKRBYJL,LSOIUSXD,90690
QRKRBYJL,BUZIIBYG,15970328
QRKRBYJL,DBWLZWNK,241829
QRKRBYJL,QJQJSWFU,110970
QRKRBYJL,WQMVCOEM,12784
QRKRBYJL,SAHWCZNH,1436102
QRKRBYJL,VWMBASNE,145570
QRKRBYJL,JBVHSUWY,279677
QRKRBYJL,KEUWZRKO,336565
QRKRBYJL,DUCMGGNW,728151
QRKRBYJL,NZKBIBNU,198902
QRKRBYJL,KJNSOAHR,10982061
QVLMOEYE,QRKRBYJL,2403885
QVLMOEYE,DNMPSKTB,4918366
QVLMOEYE,AXULOHBQ,74525
QVLMOEYE,VBYCLTYZ,196385
QVLMOEYE,ATLDMDBO,34856570
QVLMOEYE,HXYSSRXE,5218023
QVLMOEYE,SDWAYPIK,5527604
QVLMOEYE,FDXPMYGF,2334
QVLMOEYE,RCBZUSIM,5014
QVLMOEYE,GYHKIVQT,19581670
QVLMOEYE,BTMOEMEP,9976384
QVLMOEYE,APQGTRMF,13564
QVLMOEYE,JPBRUTWP,5299593
QVLMOEYE,OGAFEHLU,242
QVLMOEYE,XUOIQPFL,2611531
QVLMOEYE,WBLJNPZQ,199503
QVLMOEYE,BSRMSVTC,225842
QVLMOEYE,RAWUKQMJ,3613045
QVLMOEYE,LPHPPJUG,1260085
QVLMOEYE,OKMBFVKS,1804788
QVLMOEYE,VWMBASNE,145431
QVLMOEYE,SAHWCZNH,1436102
QVLMOEYE,BEZYMBBT,3625639
QVLMOEYE,BJALXPFS,115475
QVLMOEYE,KEUWZRKO,336392
QVLMOEYE,WQMVCOEM,12808
QVLMOEYE,FRHNWLNI,971613
QVLMOEYE,RJGPVEXX,531954
QVLMOEYE,PYZMVUWD,1445
QVLMOEYE,ZGJXVMNI,2442347
QVLMOEYE,UXSPKBJR,461106
QVLMOEYE,LRVGFDFM,7299046
QVLMOEYE,FQCLOEXA,1727605
QVLMOEYE,CCLHWFWF,21032709
QVLMOEYE,DEWLVASR,318653
QVLMOEYE,LSOIUSXD,95324
QVLMOEYE,UGEQLMXM,137829
QVLMOEYE,UIFPPCLR,74379
QVLMOEYE,ELQGMQWE,360762
QVLMOEYE,VMAQSTJE,42786
QVLMOEYE,OXKURKXR,111079
QVLMOEYE,VUAFAIYJ,553359
QVLMOEYE,DUCMGGNW,728010
QVLMOEYE,FCYBOAXC,99038383
QVLMOEYE,WPQXWHYO,10824473
QVLMOEYE,NZKBIBNU,198902
RAWUKQMJ,AXULOHBQ,74615
RAWUKQMJ,HXYSSRXE,5216787
RAWUKQMJ,DNMPSKTB,4918650
RAWUKQMJ,JBVHSUWY,279152
RAWUKQMJ,GYHKIVQT,19486714
RAWUKQMJ,VMAQSTJE,42893
RAWUKQMJ,WPQXWHYO,10825087
RAWUKQMJ,KEUWZRKO,336392
RAWUKQMJ,ZGJXVMNI,2442347
RAWUKQMJ,UGEQLMXM,137829
RAWUKQMJ,SAHWCZNH,1436102
RAWUKQMJ,RJGPVEXX,531954
RAWUKQMJ,NZKBIBNU,198923
RAWUKQMJ,SDWAYPIK,5527699
RAWUKQMJ,EVBVXETX,5469208
RAWUKQMJ,FQCLOEXA,1727605
RAWUKQMJ,XIFHSOWQ,69249
RAWUKQMJ,BJALXPFS,115474
RAWUKQMJ,DEWLVASR,318635
RAWUKQMJ,JPBRUTWP,5300373
RAWUKQMJ,LPHPPJUG,1260014
RAWUKQMJ,UXSPKBJR,469275
RAWUKQMJ,BSRMSVTC,226566
RAWUKQMJ,WBLJNPZQ,200296
RAWUKQMJ,ZXERAXWP,14770
RAWUKQMJ,STZDBITS,14770301
RAWUKQMJ,ELQGMQWE,360741
RAWUKQMJ,CCLHWFWF,21048401
RAWUKQMJ,JSLXRQOK,2416
RCBZUSIM,AXULOHBQ,73959
RCBZUSIM,ATLDMDBO,34865450
RCBZUSIM,DNMPSKTB,4925865
RCBZUSIM,BJALXPFS,115519
RCBZUSIM,GYHKIVQT,19585715
RCBZUSIM,FDXPMYGF,2357
RCBZUSIM,SAHWCZNH,1437067
RCBZUSIM,BSRMSVTC,225948
RCBZUSIM,APQGTRMF,13623
RCBZUSIM,ZGJXVMNI,2441616
RCBZUSIM,BTMOEMEP,9972252
RCBZUSIM,PYZMVUWD,1444
RCBZUSIM,WBLJNPZQ,200509
RCBZUSIM,QVLMOEYE,1280756
RCBZUSIM,VMAQSTJE,42930
RCBZUSIM,OXKURKXR,110818
RCBZUSIM,OKMBFVKS,1805487
RCBZUSIM,BLANHGYY,2724
RCBZUSIM,XUOIQPFL,2613285
RCBZUSIM,HXYSSRXE,5209237
RCBZUSIM,RJGPVEXX,525183
RCBZUSIM,RAWUKQMJ,3612619
RCBZUSIM,JBVHSUWY,280073
RCBZUSIM,DDEXPPXU,21138
RCBZUSIM,WPQXWHYO,10801102
RCBZUSIM,QRKRBYJL,2409218
RCBZUSIM,YSYHGLQK,1324
RCBZUSIM,STZDBITS,14773353
RCBZUSIM,VBYCLTYZ,196469
RCBZUSIM,FQCLOEXA,1682945
RCBZUSIM,LSOIUSXD,95369
RCBZUSIM,FRHNWLNI,972362
RCBZUSIM,JPBRUTWP,5304563
RCBZUSIM,UGEQLMXM,138759
RCBZUSIM,BEZYMBBT,3624521
RCBZUSIM,UIFPPCLR,74307
RCBZUSIM,XIPPENFQ,88089
RCBZUSIM,ELQGMQWE,354501
RCBZUSIM,KEUWZRKO,336428
RCBZUSIM,SDWAYPIK,5523742
RCBZUSIM,NZKBIBNU,197872
RCBZUSIM,BUZIIBYG,15983538
RCBZUSIM,LPHPPJUG,1259708
RCBZUSIM,XMKRPGLB,699913
RCBZUSIM,ZKENOUDA,329689
RCBZUSIM,LUENUFGA,3295064
RCBZUSIM,ROACSLMG,2135459
RCBZUSIM,XIFHSOWQ,69601
RCBZUSIM,EVBVXETX,5450060
RCBZUSIM,DEWLVASR,313271
RJGPVEXX,AANGBULD,9201
RJGPVEXX,KEUWZRKO,338112
RJGPVEXX,GYHKIVQT,20206970
RJGPVEXX,ZKENOUDA,327563
RJGPVEXX,FITUEHWN,78056
RJGPVEXX,WPQXWHYO,10794772
RJGPVEXX,SDWAYPIK,5556575
RJGPVEXX,VUAFAIYJ,549233
RJGPVEXX,KJNSOAHR,10883430
RJGPVEXX,SAHWCZNH,1444620
RJGPVEXX,VWMBASNE,145116
RJGPVEXX,UQYUIVVR,3066637
RJGPVEXX,XIFHSOWQ,70752
RJGPVEXX,DEWLVASR,312301
RJGPVEXX,XIPPENFQ,88961
RJGPVEXX,LUENUFGA,3308971
RJGPVEXX,MIRCVAMV,12003
RJGPVEXX,VBYCLTYZ,200287
RJGPVEXX,FCYBOAXC,99077531
RJGPVEXX,ZCELVYQU,36252
RJGPVEXX,FQCLOEXA,1679152
RJGPVEXX,PYZMVUWD,1518
RJGPVEXX,UGEQLMXM,141890
RJGPVEXX,UIFPPCLR,74945
RJGPVEXX,XUOIQPFL,2638855
RJGPVEXX,EVBVXETX,5445112
RJGPVEXX,FRHNWLNI,971613
RJGPVEXX,JBVHSUWY,283753
RJGPVEXX,NZKBIBNU,197882
RJGPVEXX,APQGTRMF,14036
RJGPVEXX,ZXERAXWP,14347
RJGPVEXX,OKMBFVKS,1819311
RJGPVEXX,BEZYMBBT,3671692
RJGPVEXX,JPBRUTWP,5320766
RJGPVEXX,ELQGMQWE,354104
RJGPVEXX,ATLDMDBO,35066545
ROACSLMG,IGDVVKUD,1305
ROACSLMG,BTMOEMEP,9976384
ROACSLMG,ATLDMDBO,34853728
ROACSLMG,JPBRUTWP,5300442
ROACSLMG,VBYCLTYZ,196316
ROACSLMG,TGOELCAG,119332
ROACSLMG,HXYSSRXE,5216787
ROACSLMG,XUOIQPFL,2611531
ROACSLMG,BEZYMBBT,3624415
ROACSLMG,XMKRPGLB,727123
ROACSLMG,QRKRBYJL,2404617
ROACSLMG,APQGTRMF,13596
ROACSLMG,FDXPMYGF,2349
ROACSLMG,SNHYOVBM,327188
ROACSLMG,UXSPKBJR,460888
ROACSLMG,HCDTGMST,18858
ROACSLMG,RCBZUSIM,5142
ROACSLMG,DUCMGGNW,729715
ROACSLMG,FRHNWLNI,976804
ROACSLMG,WHPUAOID,9197
ROACSLMG,BSRMSVTC,226566
ROACSLMG,RAWUKQMJ,3612872
ROACSLMG,OXKURKXR,111027
ROACSLMG,WQMVCOEM,12791
ROACSLMG,AHMDUILJ,109138
ROACSLMG,GYHKIVQT,19581670
ROACSLMG,DNMPSKTB,4918650
ROACSLMG,AXULOHBQ,74798
ROACSLMG,WBLJNPZQ,200296
ROACSLMG,OKMBFVKS,1804275
ROACSLMG,ZGJXVMNI,2442089
ROACSLMG,UGEQLMXM,138629
ROACSLMG,QVLMOEYE,1282322
SAAYMURU,MBSBZBXA,3784455
SAAYMURU,BJALXPFS,115519
SAAYMURU,STZDBITS,14773353
SAAYMURU,UQYUIVVR,3071728
SAAYMURU,HCDTGMST,19877
SAAYMURU,WHPUAOID,9181
SAAYMURU,NAQIHUKZ,1223
SAAYMURU,KAGJCHMR,6276
SAAYMURU,VMAQSTJE,42821
SAAYMURU,DEWLVASR,312981
SAAYMURU,BEZYMBBT,3670594
SAAYMURU,AXULOHBQ,74533
SAAYMURU,GKQIJYDH,7271072
SAAYMURU,QJQJSWFU,112136
SAAYMURU,FITUEHWN,78165
SAAYMURU,XIPPENFQ,88382
SAAYMURU,DDEXPPXU,20725
SAAYMURU,JPBRUTWP,5305199
SAAYMURU,JERHKLYW,7032
SAAYMURU,JSLXRQOK,2338
SAAYMURU,LUENUFGA,3297774
SAAYMURU,APQGTRMF,14018
SAAYMURU,XMKRPGLB,701972
SAHWCZNH,XIFHSOWQ,68887
SAHWCZNH,LUENUFGA,3294712
SAHWCZNH,WPQXWHYO,10825087
SAHWCZNH,EVBVXETX,5469208
SAHWCZNH,XIPPENFQ,88410
SAHWCZNH,WQMVCOEM,12777
SAHWCZNH,KEUWZRKO,336565
SAHWCZNH,RJGPVEXX,531954
SAHWCZNH,NZKBIBNU,198923
SAHWCZNH,JSLXRQOK,2417
SAHWCZNH,MIRCVAMV,11522
SAHWCZNH,HXYSSRXE,5245911
SAHWCZNH,FRHNWLNI,1001537
SAHWCZNH,KJNSOAHR,10982684
SAHWCZNH,ATLDMDBO,35068535
SAHWCZNH,AXULOHBQ,75890
SAHWCZNH,UXSPKBJR,461106
SAHWCZNH,QRKRBYJL,2410010
SAHWCZNH,DNMPSKTB,4965532
SAHWCZNH,VBYCLTYZ,200348
SAHWCZNH,ZGJXVMNI,2395114
SAHWCZNH,JBVHSUWY,279417
SAHWCZNH,FITUEHWN,79149
SAHWCZNH,RCBZUSIM,5293
SAHWCZNH,ZCELVYQU,36560
SAHWCZNH,RAWUKQMJ,3672742
SAHWCZNH,ZXERAXWP,14769
SAHWCZNH,BJALXPFS,117148
SAHWCZNH,XMKRPGLB,699976
SAHWCZNH,LPHPPJUG,1254192
SAHWCZNH,LTOYKIML,287104
SAHWCZNH,AHMDUILJ,107891
SAHWCZNH,UGEQLMXM,141890
SDWAYPIK,QVLMOEYE,1275761
SDWAYPIK,GYHKIVQT,19485590
SDWAYPIK,QRKRBYJL,2403885
SDWAYPIK,VBYCLTYZ,196316
SDWAYPIK,JPBRUTWP,5300442
SDWAYPIK,UGEQLMXM,137428
SDWAYPIK,OXKURKXR,110270
SDWAYPIK,DNMPSKTB,4918366
SDWAYPIK,XUOIQPFL,2611808
SDWAYPIK,OGAFEHLU,225
SDWAYPIK,OKMBFVKS,1804275
SDWAYPIK,ATLDMDBO,34848975
SDWAYPIK,BTMOEMEP,9976384
SDWAYPIK,UIFPPCLR,74182
SDWAYPIK,APQGTRMF,13556
SDWAYPIK,HXYSSRXE,5216787
SDWAYPIK,RCBZUSIM,5043
SDWAYPIK,BEZYMBBT,3624415
SDWAYPIK,RAWUKQMJ,3612872
SDWAYPIK,AXULOHBQ,74615
SDWAYPIK,DUCMGGNW,726927
SDWAYPIK,DBWLZWNK,241062
SDWAYPIK,LRVGFDFM,7319827
SDWAYPIK,IGDVVKUD,1315
SDWAYPIK,QJQJSWFU,111078
SDWAYPIK,WQMVCOEM,12807
SDWAYPIK,UXSPKBJR,460888
SDWAYPIK,LSOIUSXD,90690
SDWAYPIK,WBLJNPZQ,200277
SDWAYPIK,AANGBULD,9799
SDWAYPIK,VWMBASNE,145576
SDWAYPIK,VMAQSTJE,42893
SDWAYPIK,RJGPVEXX,531954
SDWAYPIK,KJNSOAHR,10982684
SDWAYPIK,ELQGMQWE,360762
SDWAYPIK,FQCLOEXA,1727605
SDWAYPIK,EVBVXETX,5469208
SDWAYPIK,FRHNWLNI,975045
SDWAYPIK,HCDTGMST,18851
SDWAYPIK,JBVHSUWY,279756
SDWAYPIK,FITUEHWN,79156
SDWAYPIK,BSRMSVTC,226566
SDWAYPIK,UQYUIVVR,3085753
SDWAYPIK,ZXERAXWP,14769
SDWAYPIK,BJALXPFS,115095
SDWAYPIK,ZCELVYQU,36554
SNHYOVBM,VMAQSTJE,42795
SNHYOVBM,HCDTGMST,18633
SNHYOVBM,DBWLZWNK,241233
SNHYOVBM,TGOELCAG,108366
SNHYOVBM,DUCMGGNW,730715
SNHYOVBM,FITUEHWN,78137
SNHYOVBM,AHMDUILJ,109162
SNHYOVBM,BSRMSVTC,226566
SNHYOVBM,FRHNWLNI,972362
SNHYOVBM,UGEQLMXM,138799
SNHYOVBM,OXKURKXR,111367
SNHYOVBM,RAWUKQMJ,3671760
SNHYOVBM,UXSPKBJR,464606
SNHYOVBM,ELQGMQWE,354407
SNHYOVBM,ROACSLMG,2140812
SNHYOVBM,ZXERAXWP,14399
SNHYOVBM,WHPUAOID,9175
SNHYOVBM,YSYHGLQK,1334
SNHYOVBM,QKXNTIIB,2052742
STZDBITS,YSYHGLQK,1320
STZDBITS,OXKURKXR,110707
STZDBITS,UXSPKBJR,460888
STZDBITS,OJIFIHMZ,2079859
STZDBITS,PYZMVUWD,1468
STZDBITS,DBWLZWNK,241829
STZDBITS,BUZIIBYG,15979042
STZDBITS,LTOYKIML,284282
STZDBITS,FQCLOEXA,1678674
STZDBITS,ZXERAXWP,14769
STZDBITS,AHMDUILJ,107421
STZDBITS,XMKRPGLB,727024
STZDBITS,FITUEHWN,79149
STZDBITS,FRHNWLNI,971659
STZDBITS,SNHYOVBM,327698
STZDBITS,GKQIJYDH,7271171
STZDBITS,SDWAYPIK,5534161
STZDBITS,ELQGMQWE,360741
STZDBITS,QJQJSWFU,111307
STZDBITS,UGEQLMXM,141890
SUOYXCHP,KEUWZRKO,336428
SUOYXCHP,PYZMVUWD,1447
SUOYXCHP,JPBRUTWP,5304563
SUOYXCHP,FCYBOAXC,99167546
SUOYXCHP,QJQJSWFU,110982
SUOYXCHP,WPQXWHYO,10801102
SUOYXCHP,SAHWCZNH,1437067
SUOYXCHP,RJGPVEXX,531795
SUOYXCHP,FQCLOEXA,1682129
SUOYXCHP,LUENUFGA,3297332
SUOYXCHP,SDWAYPIK,5523742
TGOELCAG,KEUWZRKO,336390
TGOELCAG,LUENUFGA,3295064
TGOELCAG,YSYHGLQK,1320
TGOELCAG,OJIFIHMZ,2127867
TGOELCAG,SAHWCZNH,1437262
TGOELCAG,JPBRUTWP,5320766
TGOELCAG,DUCMGGNW,738852
TGOELCAG,XIPPENFQ,88433
TGOELCAG,RAWUKQMJ,3617858
TGOELCAG,ATLDMDBO,34876410
UGEQLMXM,QVLMOEYE,1276525
UGEQLMXM,SDWAYPIK,5529431
UGEQLMXM,VBYCLTYZ,196385
UGEQLMXM,IGDVVKUD,1315
UGEQLMXM,BTMOEMEP,9971632
UGEQLMXM,QRKRBYJL,2407125
UGEQLMXM,ATLDMDBO,34865450
UGEQLMXM,DNMPSKTB,4920965
UGEQLMXM,LSOIUSXD,94884
UGEQLMXM,FDXPMYGF,2360
UGEQLMXM,JPBRUTWP,5299593
UGEQLMXM,GYHKIVQT,19580727
UGEQLMXM,DBWLZWNK,240690
UGEQLMXM,AXULOHBQ,73970
UGEQLMXM,WHPUAOID,9160
UGEQLMXM,WBLJNPZQ,199781
UGEQLMXM,HXYSSRXE,5208805
UGEQLMXM,WQMVCOEM,12741
UGEQLMXM,APQGTRMF,13604
UGEQLMXM,VWMBASNE,145417
UGEQLMXM,UXSPKBJR,461304
UGEQLMXM,OXKURKXR,110777
UGEQLMXM,OKMBFVKS,1805338
UGEQLMXM,RCBZUSIM,5056
UGEQLMXM,XUOIQPFL,2613285
UGEQLMXM,LRVGFDFM,7299046
UGEQLMXM,RAWUKQMJ,3612619
UGEQLMXM,ROACSLMG,2133787
UGEQLMXM,FQCLOEXA,1727605
UGEQLMXM,DUCMGGNW,727134
UGEQLMXM,ZKENOUDA,334414
UGEQLMXM,LPHPPJUG,1260085
UGEQLMXM,ZGJXVMNI,2442347
UGEQLMXM,SNHYOVBM,327517
UGEQLMXM,ELQGMQWE,360762
UGEQLMXM,KJNSOAHR,10982684
UGEQLMXM,BEZYMBBT,3624521
UGEQLMXM,BJALXPFS,115530
UGEQLMXM,UQYUIVVR,3071728
UGEQLMXM,VMAQSTJE,42954
UGEQLMXM,FCYBOAXC,99051796
UGEQLMXM,JERHKLYW,7292
UGEQLMXM,UIFPPCLR,74307
UGEQLMXM,DEWLVASR,318653
UGEQLMXM,ZXERAXWP,14769
UGEQLMXM,OJIFIHMZ,2127169
UGEQLMXM,EVBVXETX,5468900
UIFPPCLR,GYHKIVQT,19585715
UIFPPCLR,UXSPKBJR,461304
UIFPPCLR,XUOIQPFL,2613285
UIFPPCLR,KJNSOAHR,10982684
UIFPPCLR,LPHPPJUG,1260085
UIFPPCLR,APQGTRMF,13615
UIFPPCLR,ELQGMQWE,360783
UIFPPCLR,QRKRBYJL,2409218
UIFPPCLR,QVLMOEYE,1280756
UIFPPCLR,WQMVCOEM,12819
UIFPPCLR,VBYCLTYZ,196469
UIFPPCLR,SDWAYPIK,5527604
UIFPPCLR,HXYSSRXE,5209237
UIFPPCLR,DEWLVASR,318558
UIFPPCLR,FDXPMYGF,2351
UIFPPCLR,ATLDMDBO,34865450
UIFPPCLR,BEZYMBBT,3624521
UIFPPCLR,VMAQSTJE,42930
UIFPPCLR,JBVHSUWY,279892
UIFPPCLR,RJGPVEXX,531765
UIFPPCLR,GKQIJYDH,7236746
UIFPPCLR,ZGJXVMNI,2442089
UIFPPCLR,ZXERAXWP,14772
UIFPPCLR,DUCMGGNW,727416
UIFPPCLR,JERHKLYW,7278
UIFPPCLR,RCBZUSIM,5134
UIFPPCLR,OKMBFVKS,1805487
UIFPPCLR,WBLJNPZQ,201264
UIFPPCLR,PYZMVUWD,1464
UIFPPCLR,RAWUKQMJ,3612619
UIFPPCLR,DNMPSKTB,4921249
UIFPPCLR,DDEXPPXU,21053
UIFPPCLR,JPBRUTWP,5305609
UIFPPCLR,SAAYMURU,37093
UIFPPCLR,BSRMSVTC,226300
UIFPPCLR,AXULOHBQ,74476
UQYUIVVR,WQMVCOEM,12807
UQYUIVVR,TGOELCAG,108398
UQYUIVVR,WHPUAOID,9173
UQYUIVVR,VMAQSTJE,42897
UQYUIVVR,BSRMSVTC,226600
UQYUIVVR,UIFPPCLR,74945
UQYUIVVR,VUAFAIYJ,519822
UQYUIVVR,DBWLZWNK,247899
UQYUIVVR,AHMDUILJ,109138
UQYUIVVR,JBVHSUWY,283681
UQYUIVVR,ZKENOUDA,327440
UQYUIVVR,FITUEHWN,78446
UQYUIVVR,SDWAYPIK,5555823
UQYUIVVR,JSLXRQOK,2342
UQYUIVVR,VWMBASNE,145576
UQYUIVVR,FCYBOAXC,99082255
UQYUIVVR,JERHKLYW,7055
UQYUIVVR,KEUWZRKO,336799
UQYUIVVR,XUOIQPFL,2638855
UQYUIVVR,DUCMGGNW,738691
UQYUIVVR,XIFHSOWQ,69249
UQYUIVVR,RAWUKQMJ,3672742
UQYUIVVR,APQGTRMF,14033
UQYUIVVR,OKMBFVKS,1819305
UQYUIVVR,VBYCLTYZ,200348
UQYUIVVR,JPBRUTWP,5320766
UXSPKBJR,ATLDMDBO,34856570
UXSPKBJR,HXYSSRXE,5208801
UXSPKBJR,QRKRBYJL,2408285
UXSPKBJR,RCBZUSIM,5014
UXSPKBJR,QVLMOEYE,1277691
UXSPKBJR,WQMVCOEM,12746
UXSPKBJR,APQGTRMF,13596
UXSPKBJR,SDWAYPIK,5527604
UXSPKBJR,AXULOHBQ,73980
UXSPKBJR,DBWLZWNK,241210
UXSPKBJR,RAWUKQMJ,3613045
UXSPKBJR,DNMPSKTB,4921249
UXSPKBJR,LRVGFDFM,7299046
UXSPKBJR,JPBRUTWP,5299593
UXSPKBJR,LPHPPJUG,1260085
UXSPKBJR,VBYCLTYZ,196385
UXSPKBJR,BTMOEMEP,9971632
UXSPKBJR,SAHWCZNH,1444620
UXSPKBJR,NZKBIBNU,198013
UXSPKBJR,KEUWZRKO,338112
UXSPKBJR,OJIFIHMZ,2080900
UXSPKBJR,FRHNWLNI,971613
UXSPKBJR,XUOIQPFL,2612273
UXSPKBJR,XIPPENFQ,88961
UXSPKBJR,DUCMGGNW,727134
UXSPKBJR,EVBVXETX,5445112
UXSPKBJR,ZGJXVMNI,2442347
UXSPKBJR,BUZIIBYG,15970046
UXSPKBJR,LUENUFGA,3308525
UXSPKBJR,UIFPPCLR,74258
UXSPKBJR,GYHKIVQT,19580727
UXSPKBJR,XIFHSOWQ,70752
UXSPKBJR,FITUEHWN,78145
UXSPKBJR,ROACSLMG,2133621
UXSPKBJR,OXKURKXR,111079
UXSPKBJR,BJALXPFS,115486
UXSPKBJR,FQCLOEXA,1727605
UXSPKBJR,DEWLVASR,318635
UXSPKBJR,OKMBFVKS,1806273
UXSPKBJR,UGEQLMXM,137894
UXSPKBJR,VMAQSTJE,42955
UXSPKBJR,BSRMSVTC,226335
UXSPKBJR,XMKRPGLB,727024
VBYCLTYZ,QVLMOEYE,1276525
VBYCLTYZ,ATLDMDBO,34856570
VBYCLTYZ,QRKRBYJL,2407551
VBYCLTYZ,DNMPSKTB,4920965
VBYCLTYZ,BTMOEMEP,9971632
VBYCLTYZ,HXYSSRXE,5210129
VBYCLTYZ,SDWAYPIK,5527604
VBYCLTYZ,APQGTRMF,13554
VBYCLTYZ,FDXPMYGF,2348
VBYCLTYZ,JPBRUTWP,5304123
VBYCLTYZ,GYHKIVQT,19579597
VBYCLTYZ,AXULOHBQ,74564
VBYCLTYZ,BSRMSVTC,225797
VBYCLTYZ,RCBZUSIM,5017
VBYCLTYZ,RAWUKQMJ,3613045
VBYCLTYZ,WBLJNPZQ,199712
VBYCLTYZ,XUOIQPFL,2612273
VBYCLTYZ,UXSPKBJR,461304
VBYCLTYZ,BEZYMBBT,3624521
VBYCLTYZ,LPHPPJUG,1260085
VBYCLTYZ,WQMVCOEM,12812
VBYCLTYZ,UGEQLMXM,137894
VBYCLTYZ,OXKURKXR,110770
VBYCLTYZ,FRHNWLNI,971613
VBYCLTYZ,BJALXPFS,115475
VBYCLTYZ,ZGJXVMNI,2442347
VBYCLTYZ,UIFPPCLR,74307
VBYCLTYZ,ZXERAXWP,14769
VBYCLTYZ,FQCLOEXA,1727605
VBYCLTYZ,BUZIIBYG,15983302
VBYCLTYZ,ZKENOUDA,334414
VBYCLTYZ,WHPUAOID,9175
VBYCLTYZ,JBVHSUWY,279810
VBYCLTYZ,LUENUFGA,3308525
VBYCLTYZ,JERHKLYW,7292
VBYCLTYZ,VMAQSTJE,42786
VBYCLTYZ,SAHWCZNH,1444467
VBYCLTYZ,OKMBFVKS,1804788
VBYCLTYZ,ELQGMQWE,360741
VBYCLTYZ,DBWLZWNK,241233
VBYCLTYZ,DEWLVASR,318653
VBYCLTYZ,DUCMGGNW,727134
VBYCLTYZ,RJGPVEXX,531924
VBYCLTYZ,EVBVXETX,5468900
VBYCLTYZ,LRVGFDFM,7333613
VBYCLTYZ,KJNSOAHR,10982061
VMAQSTJE,KEUWZRKO,334949
VMAQSTJE,XIFHSOWQ,69110
VMAQSTJE,PYZMVUWD,1447
VMAQSTJE,UIFPPCLR,74266
VMAQSTJE,STZDBITS,14773353
VMAQSTJE,WPQXWHYO,10821849
VMAQSTJE,RCBZUSIM,5167
VMAQSTJE,VWMBASNE,145499
VMAQSTJE,XIPPENFQ,88425
VMAQSTJE,OJIFIHMZ,2082589
VMAQSTJE,WBLJNPZQ,200423
VMAQSTJE,MIRCVAMV,11531
VMAQSTJE,SDWAYPIK,5523742
VMAQSTJE,JPBRUTWP,5304563
VMAQSTJE,RJGPVEXX,531782
VMAQSTJE,BEZYMBBT,3629177
VMAQSTJE,EVBVXETX,5469208
VMAQSTJE,SAHWCZNH,1437819
VMAQSTJE,ZXERAXWP,14772
VMAQSTJE,LPHPPJUG,1259638
VMAQSTJE,ZGJXVMNI,2441358
VMAQSTJE,LUENUFGA,3295064
VMAQSTJE,JERHKLYW,7048
VMAQSTJE,ZKENOUDA,334308
VMAQSTJE,AHMDUILJ,107432
VMAQSTJE,DEWLVASR,318635
VMAQSTJE,SNHYOVBM,328027
VMAQSTJE,BTMOEMEP,9973350
VMAQSTJE,XUOIQPFL,2613285
VMAQSTJE,GYHKIVQT,19599832
VMAQSTJE,XMKRPGLB,727024
VMAQSTJE,FCYBOAXC,99038383
VMAQSTJE,KJNSOAHR,10982061
VMAQSTJE,APQGTRMF,13654
VMAQSTJE,VBYCLTYZ,196834
VUAFAIYJ,LSOIUSXD,97514
VUAFAIYJ,WBLJNPZQ,203855
VUAFAIYJ,LRVGFDFM,7299046
VUAFAIYJ,ATLDMDBO,35068535
VUAFAIYJ,WHPUAOID,9176
VUAFAIYJ,APQGTRMF,14036
VUAFAIYJ,VWMBASNE,145116
VUAFAIYJ,FCYBOAXC,99077531
VUAFAIYJ,LLHREMKS,48627
VUAFAIYJ,CCLHWFWF,21082305
VUAFAIYJ,ZXERAXWP,14347
VUAFAIYJ,ZCELVYQU,36252
VUAFAIYJ,UGEQLMXM,141488
VUAFAIYJ,XIPPENFQ,88961
VUAFAIYJ,JERHKLYW,6821
VUAFAIYJ,ELQGMQWE,354596
VUAFAIYJ,UIFPPCLR,74945
VUAFAIYJ,DUCMGGNW,738693
VUAFAIYJ,DEWLVASR,312529
VUAFAIYJ,OXKURKXR,113016
VUAFAIYJ,FTSVTTSR,128572
VUAFAIYJ,XMKRPGLB,727024
VUAFAIYJ,ZKENOUDA,327594
VUAFAIYJ,JPBRUTWP,5320766
VUAFAIYJ,HXYSSRXE,5245911
VUAFAIYJ,FQCLOEXA,1679152
VUAFAIYJ,AANGBULD,10160
VUAFAIYJ,QRKRBYJL,2410010
VUAFAIYJ,KJNSOAHR,10883430
VUAFAIYJ,XUOIQPFL,2638855
VUAFAIYJ,VBYCLTYZ,200348
VUAFAIYJ,GYHKIVQT,20206793
VUAFAIYJ,RCBZUSIM,5296
VUAFAIYJ,LTOYKIML,283852
VUAFAIYJ,OKMBFVKS,1819305
VUAFAIYJ,WQMVCOEM,12774
VWMBASNE,MIRCVAMV,11485
VWMBASNE,WBLJNPZQ,199530
VWMBASNE,CCLHWFWF,21032029
VWMBASNE,XIPPENFQ,88454
VWMBASNE,VUAFAIYJ,553418
VWMBASNE,LSOIUSXD,95203
VWMBASNE,LRVGFDFM,7299046
VWMBASNE,FCYBOAXC,99051796
VWMBASNE,JERHKLYW,6821
VWMBASNE,JPBRUTWP,5299593
VWMBASNE,DBWLZWNK,241391
VWMBASNE,ZXERAXWP,14769
VWMBASNE,EVBVXETX,5468900
VWMBASNE,AHMDUILJ,107432
VWMBASNE,WPQXWHYO,10824473
VWMBASNE,XUOIQPFL,2616719
VWMBASNE,BSRMSVTC,226300
VWMBASNE,KJNSOAHR,10982061
VWMBASNE,BTMOEMEP,9994192
VWMBASNE,ZKENOUDA,334408
VWMBASNE,DEWLVASR,318653
VWMBASNE,NZKBIBNU,198013
VWMBASNE,LUENUFGA,3294410
VWMBASNE,STZDBITS,14778969
VWMBASNE,FRHNWLNI,1001484
VWMBASNE,DUCMGGNW,738691
VWMBASNE,LTOYKIML,287104
WBLJNPZQ,HXYSSRXE,5208895
WBLJNPZQ,JPBRUTWP,5299593
WBLJNPZQ,CCLHWFWF,21032709
WBLJNPZQ,ATLDMDBO,34856570
WBLJNPZQ,LRVGFDFM,7299046
WBLJNPZQ,VUAFAIYJ,553418
WBLJNPZQ,QRKRBYJL,2408285
WBLJNPZQ,LSOIUSXD,94884
WBLJNPZQ,UGEQLMXM,137493
WBLJNPZQ,RJGPVEXX,531954
WBLJNPZQ,SDWAYPIK,5527604
WBLJNPZQ,ZGJXVMNI,2442347
WBLJNPZQ,BJALXPFS,115475
WBLJNPZQ,VWMBASNE,145075
WBLJNPZQ,DEWLVASR,318653
WBLJNPZQ,BSRMSVTC,226600
WBLJNPZQ,XUOIQPFL,2612273
WBLJNPZQ,LPHPPJUG,1260085
WBLJNPZQ,RAWUKQMJ,3613045
WBLJNPZQ,BTMOEMEP,9971632
WBLJNPZQ,OKMBFVKS,1804788
WBLJNPZQ,MIRCVAMV,11569
WBLJNPZQ,AANGBULD,10160
WBLJNPZQ,LTOYKIML,284280
WBLJNPZQ,AXULOHBQ,74757
WBLJNPZQ,FQCLOEXA,1727605
WBLJNPZQ,QVLMOEYE,1280449
WBLJNPZQ,SNHYOVBM,330828
WBLJNPZQ,PYZMVUWD,1464
WBLJNPZQ,XIFHSOWQ,69290
WBLJNPZQ,OXKURKXR,110770
WBLJNPZQ,VMAQSTJE,42789
WBLJNPZQ,UIFPPCLR,74258
WBLJNPZQ,XIPPENFQ,88433
WBLJNPZQ,DBWLZWNK,241233
WBLJNPZQ,GYHKIVQT,19580727
WBLJNPZQ,JBVHSUWY,279810
WBLJNPZQ,DNMPSKTB,4921249
WBLJNPZQ,QKXNTIIB,2049287
WBLJNPZQ,KJNSOAHR,10982684
WBLJNPZQ,JERHKLYW,7055
WBLJNPZQ,NZKBIBNU,198902
WBLJNPZQ,APQGTRMF,13604
WBLJNPZQ,DDEXPPXU,20720
WBLJNPZQ,AHMDUILJ,109138
WBLJNPZQ,EVBVXETX,5468900
WHPUAOID,FDXPMYGF,2367
WHPUAOID,LRVGFDFM,7301226
WHPUAOID,DUCMGGNW,727416
WHPUAOID,XMKRPGLB,727123
WHPUAOID,HXYSSRXE,5245911
WHPUAOID,LLHREMKS,48627
WHPUAOID,OJIFIHMZ,2082589
WHPUAOID,LSOIUSXD,97394
WHPUAOID,WQMVCOEM,12672
WHPUAOID,FRHNWLNI,972362
WHPUAOID,WBLJNPZQ,200528
WHPUAOID,FITUEHWN,78145
WHPUAOID,JERHKLYW,7045
WHPUAOID,KEUWZRKO,336428
WHPUAOID,JPBRUTWP,5304563
WHPUAOID,VUAFAIYJ,553359
WHPUAOID,JBVHSUWY,283689
WHPUAOID,SNHYOVBM,330770
WPQXWHYO,XIFHSOWQ,70752
WPQXWHYO,RJGPVEXX,523359
WPQXWHYO,LUENUFGA,3308971
WPQXWHYO,XIPPENFQ,88961
WPQXWHYO,EVBVXETX,5445891
WPQXWHYO,NZKBIBNU,198166
WPQXWHYO,SAHWCZNH,1444620
WPQXWHYO,VMAQSTJE,43313
WPQXWHYO,ZKENOUDA,327440
WPQXWHYO,MIRCVAMV,12003
WPQXWHYO,UXSPKBJR,469275
WPQXWHYO,KJNSOAHR,10880006
WPQXWHYO,OKMBFVKS,1819305
WPQXWHYO,FITUEHWN,78148
WPQXWHYO,KEUWZRKO,338085
WPQXWHYO,PYZMVUWD,1518
WPQXWHYO,AHMDUILJ,109138
WPQXWHYO,AANGBULD,9198
WPQXWHYO,LTOYKIML,282845
WPQXWHYO,VWMBASNE,145108
WPQXWHYO,ZXERAXWP,14344
WPQXWHYO,ZCELVYQU,34931
WPQXWHYO,HCDTGMST,16509
WPQXWHYO,ZGJXVMNI,2442089
WPQXWHYO,KAGJCHMR,6335
WPQXWHYO,QRKRBYJL,2407898
WPQXWHYO,BEZYMBBT,3671692
WQMVCOEM,JPBRUTWP,5299593
WQMVCOEM,AXULOHBQ,74764
WQMVCOEM,DNMPSKTB,4921249
WQMVCOEM,BJALXPFS,115486
WQMVCOEM,SAHWCZNH,1436510
WQMVCOEM,HXYSSRXE,5208895
WQMVCOEM,XIFHSOWQ,69704
WQMVCOEM,XIPPENFQ,88067
WQMVCOEM,FRHNWLNI,973923
WQMVCOEM,QJQJSWFU,110970
WQMVCOEM,ZGJXVMNI,2442347
WQMVCOEM,VMAQSTJE,42786
WQMVCOEM,KEUWZRKO,336563
WQMVCOEM,RJGPVEXX,531924
WQMVCOEM,QRKRBYJL,2408285
WQMVCOEM,AHMDUILJ,109138
WQMVCOEM,UXSPKBJR,469140
XIFHSOWQ,XIPPENFQ,88450
XIFHSOWQ,VWMBASNE,145108
XIFHSOWQ,LUENUFGA,3294410
XIFHSOWQ,WPQXWHYO,10825087
XIFHSOWQ,EVBVXETX,5469208
XIFHSOWQ,ZGJXVMNI,2380749
XIFHSOWQ,SAHWCZNH,1436510
XIFHSOWQ,NZKBIBNU,198923
XIFHSOWQ,AXULOHBQ,75280
XIFHSOWQ,FRHNWLNI,997892
XIFHSOWQ,FCYBOAXC,99022166
XIFHSOWQ,KEUWZRKO,336975
XIFHSOWQ,RJGPVEXX,531765
XIFHSOWQ,ATLDMDBO,35070538
XIFHSOWQ,RAWUKQMJ,3671643
XIFHSOWQ,UXSPKBJR,461304
XIFHSOWQ,AHMDUILJ,107906
XIFHSOWQ,BJALXPFS,117059
XIFHSOWQ,DNMPSKTB,4965513
XIIEJNEE,VBYCLTYZ,196385
XIIEJNEE,UXSPKBJR,460617
XIIEJNEE,WBLJNPZQ,199798
XIIEJNEE,OKMBFVKS,1804788
XIIEJNEE,DBWLZWNK,241391
XIIEJNEE,APQGTRMF,13615
XIPPENFQ,MIRCVAMV,11485
XIPPENFQ,ZGJXVMNI,2378808
XIPPENFQ,DDEXPPXU,20970
XIPPENFQ,NZKBIBNU,197995
XIPPENFQ,AHMDUILJ,107464
XIPPENFQ,EVBVXETX,5445112
XIPPENFQ,RJGPVEXX,523508
XIPPENFQ,ZKENOUDA,327563
XIPPENFQ,FCYBOAXC,99051796
XIPPENFQ,LTOYKIML,284280
XIPPENFQ,QKXNTIIB,2062044
XIPPENFQ,RAWUKQMJ,3672742
XIPPENFQ,QRKRBYJL,2410010
XIPPENFQ,KAGJCHMR,6253
XIPPENFQ,KJNSOAHR,10982061
XIPPENFQ,LSOIUSXD,97510
XIPPENFQ,LPHPPJUG,1254649
XIPPENFQ,UGEQLMXM,141890
XIPPENFQ,FQCLOEXA,1679152
XIPPENFQ,AXULOHBQ,75273
XIPPENFQ,JPBRUTWP,5320766
XIPPENFQ,DNMPSKTB,4965513
XIPPENFQ,KEUWZRKO,338085
XIPPENFQ,WBLJNPZQ,203843
XIPPENFQ,SDWAYPIK,5555823
XIPPENFQ,BTMOEMEP,9993629
XIPPENFQ,JERHKLYW,7032
XIPPENFQ,OJIFIHMZ,2090970
XIPPENFQ,STZDBITS,14921322
XMKRPGLB,SNHYOVBM,327343
XMKRPGLB,BSRMSVTC,230958
XMKRPGLB,LTOYKIML,287322
XMKRPGLB,DUCMGGNW,726927
XMKRPGLB,ROACSLMG,2133365
XMKRPGLB,QJQJSWFU,111370
XMKRPGLB,VMAQSTJE,42786
XMKRPGLB,BEZYMBBT,3625639
XMKRPGLB,SAAYMURU,36407
XMKRPGLB,KAGJCHMR,6336
XMKRPGLB,FITUEHWN,78400
XMKRPGLB,PYZMVUWD,1518
XMKRPGLB,OKMBFVKS,1806291
XMKRPGLB,LRVGFDFM,7299046
XMKRPGLB,AHMDUILJ,107927
XMKRPGLB,XIPPENFQ,88294
XMKRPGLB,LSOIUSXD,97510
XMKRPGLB,KEUWZRKO,338085
XMKRPGLB,FCYBOAXC,99038383
XMKRPGLB,GKQIJYDH,7270621
XMKRPGLB,ZKENOUDA,334408
XUOIQPFL,QVLMOEYE,1275761
XUOIQPFL,SDWAYPIK,5529526
XUOIQPFL,OGAFEHLU,250
XUOIQPFL,UGEQLMXM,137387
XUOIQPFL,DNMPSKTB,4918650
XUOIQPFL,LRVGFDFM,7293350
XUOIQPFL,QRKRBYJL,2403885
XUOIQPFL,ATLDMDBO,34848975
XUOIQPFL,VBYCLTYZ,196316
XUOIQPFL,OXKURKXR,110277
XUOIQPFL,DBWLZWNK,240494
XUOIQPFL,JPBRUTWP,5300442
XUOIQPFL,AXULOHBQ,74598
XUOIQPFL,GYHKIVQT,19486714
XUOIQPFL,RAWUKQMJ,3612872
XUOIQPFL,APQGTRMF,13556
XUOIQPFL,OKMBFVKS,1804275
XUOIQPFL,BJALXPFS,115463
XUOIQPFL,IGDVVKUD,1305
XUOIQPFL,VWMBASNE,145562
XUOIQPFL,WBLJNPZQ,199606
XUOIQPFL,UXSPKBJR,460888
XUOIQPFL,BTMOEMEP,9976384
XUOIQPFL,RCBZUSIM,5035
XUOIQPFL,LSOIUSXD,90690
XUOIQPFL,UIFPPCLR,74223
XUOIQPFL,FDXPMYGF,2349
XUOIQPFL,ZGJXVMNI,2442347
XUOIQPFL,BEZYMBBT,3624415
XUOIQPFL,LPHPPJUG,1260085
XUOIQPFL,VUAFAIYJ,553359
XUOIQPFL,ZXERAXWP,14770
XUOIQPFL,PYZMVUWD,1477
XUOIQPFL,HXYSSRXE,5216787
XUOIQPFL,UQYUIVVR,3085753
XUOIQPFL,RJGPVEXX,531924
XUOIQPFL,WQMVCOEM,12786
XUOIQPFL,DUCMGGNW,728243
XUOIQPFL,SNHYOVBM,330770
XUOIQPFL,WHPUAOID,9165
XUOIQPFL,FRHNWLNI,975045
XUOIQPFL,FITUEHWN,79149
XUOIQPFL,FCYBOAXC,99038383
YSYHGLQK,AANGBULD,9544
YSYHGLQK,LPHPPJUG,1254897
YSYHGLQK,ZXERAXWP,14399
YSYHGLQK,NZKBIBNU,198034
YSYHGLQK,BUZIIBYG,15971090
YSYHGLQK,VMAQSTJE,42887
YSYHGLQK,FRHNWLNI,976675
YSYHGLQK,OXKURKXR,111356
YSYHGLQK,JERHKLYW,7036
YSYHGLQK,KAGJCHMR,6354
YSYHGLQK,XMKRPGLB,699715
YSYHGLQK,RCBZUSIM,5130
YSYHGLQK,WBLJNPZQ,201315
YSYHGLQK,GYHKIVQT,19627227
YSYHGLQK,QJQJSWFU,110982
YSYHGLQK,ZKENOUDA,327735
YSYHGLQK,LTOYKIML,282913
YSYHGLQK,AHMDUILJ,107464
YSYHGLQK,ZGJXVMNI,2398642
YSYHGLQK,XUOIQPFL,2619272
YSYHGLQK,AXULOHBQ,74549
YSYHGLQK,QRKRBYJL,2413739
YSYHGLQK,DEWLVASR,312650
YSYHGLQK,BEZYMBBT,3634613
YSYHGLQK,DNMPSKTB,4931560
YSYHGLQK,JBVHSUWY,280802
ZCELVYQU,HXYSSRXE,5209237
ZCELVYQU,DNMPSKTB,4925865
ZCELVYQU,ZXERAXWP,14342
ZCELVYQU,ELQGMQWE,354733
ZCELVYQU,UGEQLMXM,137817
ZCELVYQU,CCLHWFWF,21038067
ZCELVYQU,ATLDMDBO,34856570
ZCELVYQU,LSOIUSXD,90805
ZCELVYQU,FDXPMYGF,2363
ZCELVYQU,QRKRBYJL,2409218
ZCELVYQU,BJALXPFS,115530
ZCELVYQU,BSRMSVTC,226707
ZCELVYQU,MBSBZBXA,3782990
ZCELVYQU,WBLJNPZQ,200528
ZCELVYQU,FQCLOEXA,1682770
ZCELVYQU,KJNSOAHR,10883430
ZCELVYQU,UQYUIVVR,3081961
ZCELVYQU,OKMBFVKS,1818761
ZCELVYQU,BEZYMBBT,3671692
ZCELVYQU,AXULOHBQ,74151
ZCELVYQU,GYHKIVQT,19585715
ZCELVYQU,BTMOEMEP,9983199
ZCELVYQU,VMAQSTJE,42821
ZCELVYQU,QVLMOEYE,1280756
ZCELVYQU,XUOIQPFL,2613285
ZCELVYQU,DEWLVASR,313192
ZCELVYQU,RAWUKQMJ,3612619
ZCELVYQU,VBYCLTYZ,196535
ZCELVYQU,ZKENOUDA,329115
ZCELVYQU,EVBVXETX,5449495
ZCELVYQU,BUZIIBYG,16030892
ZCELVYQU,ZGJXVMNI,2441358
ZGJXVMNI,ZKENOUDA,326698
ZGJXVMNI,DEWLVASR,312212
ZGJXVMNI,EVBVXETX,5445891
ZGJXVMNI,AANGBULD,9198
ZGJXVMNI,RJGPVEXX,523359
ZGJXVMNI,DNMPSKTB,4965532
ZGJXVMNI,SDWAYPIK,5556575
ZGJXVMNI,KJNSOAHR,10880006
ZGJXVMNI,XUOIQPFL,2638855
ZGJXVMNI,FQCLOEXA,1678674
ZGJXVMNI,UGEQLMXM,141902
ZGJXVMNI,SAHWCZNH,1444620
ZGJXVMNI,NZKBIBNU,198166
ZGJXVMNI,FITUEHWN,78141
ZGJXVMNI,WPQXWHYO,10791375
ZGJXVMNI,JSLXRQOK,2382
ZGJXVMNI,WBLJNPZQ,203855
ZGJXVMNI,VUAFAIYJ,542806
ZGJXVMNI,ZXERAXWP,14288
ZGJXVMNI,OKMBFVKS,1819311
ZGJXVMNI,FTSVTTSR,128287
ZGJXVMNI,DDEXPPXU,21066
ZGJXVMNI,LPHPPJUG,1254192
ZGJXVMNI,RAWUKQMJ,3672948
ZGJXVMNI,PYZMVUWD,1518
ZGJXVMNI,MBSBZBXA,3782516
ZGJXVMNI,KEUWZRKO,338112
ZGJXVMNI,JBVHSUWY,283681
ZGJXVMNI,HXYSSRXE,5245893
ZGJXVMNI,BEZYMBBT,3671953
ZGJXVMNI,VBYCLTYZ,200287
ZGJXVMNI,LTOYKIML,284282
ZGJXVMNI,VWMBASNE,145108
ZGJXVMNI,RCBZUSIM,5296
ZGJXVMNI,UQYUIVVR,3065569
ZGJXVMNI,STZDBITS,14921322
ZGJXVMNI,DUCMGGNW,738691
ZGJXVMNI,ELQGMQWE,354495
ZGJXVMNI,LLHREMKS,48637
ZGJXVMNI,VMAQSTJE,43247
ZGJXVMNI,ZCELVYQU,34931
ZGJXVMNI,QJQJSWFU,112146
ZGJXVMNI,LUENUFGA,3308525
ZGJXVMNI,LSOIUSXD,93005
ZGJXVMNI,FRHNWLNI,973968
ZGJXVMNI,BTMOEMEP,9996429
ZKENOUDA,DEWLVASR,312301
ZKENOUDA,AANGBULD,9201
ZKENOUDA,ZCELVYQU,36066
ZKENOUDA,KJNSOAHR,10883430
ZKENOUDA,FTSVTTSR,128299
ZKENOUDA,XUOIQPFL,2638855
ZKENOUDA,LLHREMKS,48265
ZKENOUDA,ZGJXVMNI,2395114
ZKENOUDA,ZXERAXWP,14291
ZKENOUDA,RJGPVEXX,523508
ZKENOUDA,SDWAYPIK,5556575
ZKENOUDA,APQGTRMF,14036
ZKENOUDA,DNMPSKTB,4965532
ZKENOUDA,FITUEHWN,78158
ZKENOUDA,VMAQSTJE,43313
ZKENOUDA,MBSBZBXA,3782990
ZKENOUDA,EVBVXETX,5445112
ZKENOUDA,VUAFAIYJ,549233
ZKENOUDA,UIFPPCLR,74945
ZKENOUDA,ELQGMQWE,354596
ZKENOUDA,GKQIJYDH,7263608
ZKENOUDA,WPQXWHYO,10794772
ZKENOUDA,FQCLOEXA,1679152
ZKENOUDA,OXKURKXR,113016
ZKENOUDA,WBLJNPZQ,203843
ZKENOUDA,LPHPPJUG,1257035
ZKENOUDA,LTOYKIML,282843
ZKENOUDA,SAAYMURU,36407
ZKENOUDA,UGEQLMXM,141890
ZKENOUDA,DBWLZWNK,247874
ZKENOUDA,JPBRUTWP,5320766
ZKENOUDA,VBYCLTYZ,200348
ZKENOUDA,RAWUKQMJ,3672948
ZKENOUDA,JBVHSUWY,283681
ZKENOUDA,LUENUFGA,3308525
ZKENOUDA,XIPPENFQ,88996
ZXERAXWP,UIFPPCLR,74945
ZXERAXWP,WHPUAOID,9181
ZXERAXWP,BEZYMBBT,3657748
ZXERAXWP,MIRCVAMV,11895
ZXERAXWP,DBWLZWNK,248086
ZXERAXWP,CCLHWFWF,21090476
ZXERAXWP,GKQIJYDH,7264059
ZXERAXWP,YSYHGLQK,1338
ZXERAXWP,AANGBULD,9544
ZXERAXWP,ZKENOUDA,327735
ZXERAXWP,LTOYKIML,284390
ZXERAXWP,FITUEHWN,78165
ZXERAXWP,DEWLVASR,312826
ZXERAXWP,AHMDUILJ,108510
ZXERAXWP,FRHNWLNI,972362
ZXERAXWP,WBLJNPZQ,203824
ZXERAXWP,XUOIQPFL,2638855
ZXERAXWP,FTSVTTSR,128361
ZXERAXWP,WQMVCOEM,12973
ZXERAXWP,VUAFAIYJ,550301
ZXERAXWP,KAGJCHMR,6320
ZXERAXWP,LLHREMKS,48627
ZXERAXWP,KJNSOAHR,10886203
ZXERAXWP,STZDBITS,14775710
ZXERAXWP,VBYCLTYZ,196469
